Unique_Visit_Identifier,Country_of_Visit,Country_of_Visit_IS03,Country_of_Visit_Region_World_Bank,Country_of_Visit_Borders_China,Visit_Arrival_Date,Visit_End_Date,Visit_Year,Multilateral_Summit,Multilateral_Summit_Type,Overall_Trip_Number,First_Visit_as_President,Visit_Number_to_Country_of_Visit,State_Visit,Head_of_State_Meeting,Capital_City_Visit,Locations_Visited,Geocoded_Locations,Visit_Sources_URLs
10001,Russia,RUS,Europe and Central Asia,1,3/22/13,3/23/13,2013,0,0,1,1,1,1,1,1,Moscow,"55.625578, 37.6063916",https://www.bbc.com/news/world-asia-china-21873944|https://edition.cnn.com/2013/03/22/world/asia/china-xijinping-moscow/index.html|https://www.gov.cn/ldhd/2013-03/22/content_2360285.htm|https://www.gov.cn/ldhd/2013-03/24/content_2360825.htm|https://www.bbc.com/news/world-asia-china-21873944
10002,Tanzania,TZA,Sub-Saharan Africa,0,3/24/13,3/25/13,2013,0,0,1,1,1,1,1,N,Dar es Salaam,"-6.8160837, 39.2803583",https://www.mfa.gov.cn/ce/cebw/eng/zfgx/t1025248.htm|https://www.fmprc.gov.cn/eng/gjhdq_665435/2913_665441/3099_664224/3101_664228/202406/t20240611_11418168.html|https://www.aljazeera.com/news/2013/3/24/chinese-president-arrives-in-tanzania
10003,South Africa,ZAF,Sub-Saharan Africa,0,3/25/13,3/29/13,2013,1,BRICS,1,1,1,1,1,1,Pretoria; Durban,"-25.7459277, 28.1879101; -29.861825, 31.009909",https://www.fmprc.gov.cn/ce/ceuk/eng/zgyw/t1025782.htm|https://www.gov.cn/ldhd/2013-03/26/content_2363041.htm|https://www.bbc.com/zhongwen/simp/business/2013/03/130325_china_safrica_xijinping|http://cpc.people.com.cn/n/2013/0326/c64094-20911827.html|https://www.bbc.com/zhongwen/simp/business/2013/03/130325_china_safrica_xijinping
10004,Republic of the Congo,COG,Sub-Saharan Africa,0,3/29/13,3/30/13,2013,0,0,1,1,1,1,1,1,Brazzaville,"-4.2694407, 15.2712256",https://www.fmprc.gov.cn/mfa_eng/topics_665678/xjpcf1_665694/t1027267.shtml|https://www.fmprc.gov.cn/eng/gjhdq_665435/2913_665441/2954_663914/2956_663918/201304/t20130401_543290.html|http://politics.people.com.cn/n/2013/0331/c1001-20976773.html|http://politics.people.com.cn/n/2013/0331/c1001-20976773.html
10005,Trinidad and Tobago,TTO,Latin America and Caribbean,0,5/31/13,6/2/13,2013,0,0,2,1,1,1,1,1,Port of Spain,"10.6572678, -61.5180173",http://www.chinadaily.com.cn/china/2013xivisit/2013-06/01/content_16554439.htm|http://www.chinadaily.com.cn/china/2013xivisit/2013-06/01/content_16554439.htm|https://www.bbc.com/news/world-latin-america-22744040|https://www.fmprc.gov.cn/eng/gjhdq_665435/3376_665447/3528_665138/3530_665142/202406/t20240612_11425946.html
10006,Costa Rica,CRI,Latin America and Caribbean,0,6/2/13,6/4/13,2013,0,0,2,1,1,1,1,1,San JosŽ; Santo Domingo de Heredia,"9.9327707, -84.0796144; 9.9893716, -84.0872039",https://www.chinadaily.com.cn/china/2013xivisit/2013-06/03/content_16559229.htm|https://www.fmprc.gov.cn/mfa_eng/gjhdq_665435/3376_665447/cr_665018/a_665022/202406/t20240612_11425398.html|https://www.fmprc.gov.cn/eng/gjhdq_665435/3376_665447/cr_665018/a_665022/202406/t20240612_11425393.html
10007,Mexico,MEX,Latin America and Caribbean,0,6/4/13,6/7/13,2013,0,0,2,1,1,1,1,1,Mexico City,"19.3207722, -99.1514678",https://www.fmprc.gov.cn/ce/cgtrt/eng/zgxw/t1047891.htm|https://www.fmprc.gov.cn/eng/gjhdq_665435/3376_665447/3508_665108/3510_665112/202406/t20240612_11425745.html|https://www.fmprc.gov.cn/eng/gjhdq_665435/3376_665447/3508_665108/3510_665112/202406/t20240612_11425748.html|https://www.americasquarterly.org/article/chinese-president-xi-jinpings-visit-to-mexico/
10008,United States,USA,North America,0,6/7/13,6/9/13,2013,0,0,2,1,1,0,1,N,"Ontario, California; Rancho Mirage, California; Indian Wells, California; Palm Springs, California","34.065846, -117.64843; 33.7583005, -116.4347271; 33.7217965, -116.338303; 33.8246269, -116.540303",https://www.fmprc.gov.cn/mfa_eng/topics_665678/xjpttcrmux_665688/t1048547.shtml|http://www.chinavitae.com/vip/index.php?mode=show&id=17334|https://sunnylands.org/convening-articles/president-obama-and-president-xi-hold-historic-meetings-at-sunnylands/|https://obamawhitehouse.archives.gov/the-press-office/2013/06/07/remarks-president-obama-and-president-xi-jinping-peoples-republic-china-|https://history.state.gov/departmenthistory/visits/china
10009,Turkmenistan,TKM,Europe and Central Asia,0,9/3/13,9/4/13,2013,0,0,3,1,1,1,1,1,Ashgabat,"37.9378322, 58.2359467",https://www.fmprc.gov.cn/mfa_eng/topics_665678/xjpfwzysiesgjtfhshzzfh_665686/t1073239.shtml|https://www.fmprc.gov.cn/mfa_eng/topics_665678/xjpfwzysiesgjtfhshzzfh_665686/t1073239.shtml|https://auckland.china-consulate.gov.cn/eng/chinanews/201309/t20130905_171978.htm
10010,Russia,RUS,Europe and Central Asia,1,9/4/13,9/6/13,2013,1,G20,3,0,2,1,1,0,Saint Petersburg,"59.9606739, 30.1586551",https://www.fmprc.gov.cn/mfa_eng/topics_665678/xjpfwzysiesgjtfhshzzfh_665686/t1073631.shtml|https://us.china-embassy.gov.cn/eng/unshown/xijinpingfangwenzhongyawuguobingchuxiG20fenghui/201309/t20130906_5096683.htm
10011,Kazakhstan,KAZ,Europe and Central Asia,1,9/6/13,9/7/13,2013,0,0,3,1,1,1,1,1,Astana,"51.1282205, 71.4306682",http://www.chinadaily.com.cn/china/2013xivisitcenterasia/2013-09/07/content_16951384.htm|https://us.china-embassy.gov.cn/eng/unshown/xijinpingfangwenzhongyawuguobingchuxiG20fenghui/201309/t20130906_5096683.htm
10012,Uzbekistan,UZB,Europe and Central Asia,0,9/8/13,9/9/13,2013,0,0,3,1,1,1,1,1,Tashkent,"41.3123363, 69.2787079",http://www.chinadaily.com.cn/china/2013xivisitcenterasia/2013-09/08/content_16953139.htm|https://us.china-embassy.gov.cn/eng/unshown/xijinpingfangwenzhongyawuguobingchuxiG20fenghui/201309/t20130906_5096683.htm|https://www.chinadaily.com.cn/china/2013xivisitcenterasia/2013-09/08/content_16953139.htm
10013,Kyrgyzstan,KGZ,Europe and Central Asia,1,9/10/13,9/13/13,2013,1,SCO,3,1,1,1,1,1,Bishkek,"42.8761424, 74.6036724",https://www.fmprc.gov.cn/mfa_eng/topics_665678/xjpfwzysiesgjtfhshzzfh_665686/t1076342.shtml|https://us.china-embassy.gov.cn/eng/unshown/xijinpingfangwenzhongyawuguobingchuxiG20fenghui/201309/t20130906_5096683.htm|https://www.fmprc.gov.cn/mfa_eng/gjhdq_665435/2675_665437/3185_664332/
10014,Indonesia,IDN,East Asia and Pacific,0,10/2/13,10/2/13,2013,0,0,4,1,1,1,1,1,Jakarta,"-6.1754049, 106.827168",https://www.fmprc.gov.cn/mfa_eng/topics_665678/xjpfwynmlxycx21apec_665682/t1084886.shtml|https://www.fmprc.gov.cn/eng/gjhdq_665435/2675_665437/2716_663436/2718_663440/202406/t20240607_11408247.html|https://www.chinadaily.com.cn/china/2013xiapec/2013-10/02/content_17007891.htm
10015,Malaysia,MYS,East Asia and Pacific,0,10/3/13,10/5/13,2013,0,0,4,1,1,1,0,1,Kuala Lumpur,"3.1516964, 101.6942371",http://www.chinadaily.com.cn/china/2013xiapec/2013-10/04/content_17009806.htm|http://pk.china-embassy.gov.cn/eng/zgxw/201310/t20131006_1222379.htm|https://www.fmprc.gov.cn/eng/gjhdq_665435/2675_665437/2716_663436/2718_663440/202406/t20240607_11408247.html
10016,Indonesia,IDN,East Asia and Pacific,0,10/5/13,10/8/13,2013,1,APEC,4,0,2,0,1,0,Denpasar,"-8.6653349, 115.2176191",https://www.fmprc.gov.cn/mfa_eng/topics_665678/xjpfwynmlxycx21apec_665682/t1085198.shtml|https://www.fmprc.gov.cn/eng/gjhdq_665435/2675_665437/2716_663436/2718_663440/202406/t20240607_11408247.html|https://www.fmprc.gov.cn/eng/gjhdq_665435/2675_665437/2716_663436/2718_663440/202406/t20240607_11408253.html|https://tz.china-embassy.gov.cn/eng/chinanews/201310/t20131011_6084050.htm
10017,Russia,RUS,Europe and Central Asia,1,2/6/14,2/8/14,2014,0,0,5,0,3,0,1,0,Sochi,"43.5854823, 39.723109",https://www.scmp.com/news/china/article/1422829/embattled-putin-gives-good-friend-xi-jinping-warm-welcome-sochii|https://dk.china-embassy.gov.cn/eng//zgxw/201402/t20140211_2553636.htm|https://auckland.china-consulate.gov.cn/eng/chinanews/201402/t20140211_174362.htm|http://en.kremlin.ru/events/president/news/20173
10018,Netherlands,NLD,Europe and Central Asia,0,3/22/14,3/25/14,2014,0,0,6,1,1,1,1,1,Amsterdam; The Hague,"52.3730796, 4.8924534; 52.0799838, 4.3113461",https://www.fmprc.gov.cn/ce/cedk/eng/ztbd/xjpfo/t1140118.htm|https://nl.china-embassy.gov.cn/eng/zgyw/201403/t20140324_2655389.htm|https://www.bbc.com/news/world-asia-26695489|https://il.china-embassy.gov.cn/eng/zgxw/201404/t20140402_1872242.htm
10019,France,FRA,Europe and Central Asia,0,3/25/14,3/27/14,2014,0,0,6,1,1,1,1,1,Paris; Lyon,"48.8588897, 2.320041; 45.7578137, 4.8320114",https://www.fmprc.gov.cn/ce/cedk/eng/ztbd/xjpfo/t1141045.htm|https://nl.china-embassy.gov.cn/eng/zgyw/201403/t20140324_2655389.htm|https://perth.china-consulate.gov.cn/eng/jbwzlm/xw/201403/t20140326_257584.htm|https://dk.china-embassy.gov.cn/eng//ztbd/xjpfo/201404/t20140408_3157909.htm|https://www.fmprc.gov.cn/mfa_eng/gjhdq_665435/3265_665445/3291_664540/3293_664544/202406/t20240611_11420739.html|https://il.china-embassy.gov.cn/eng/zgxw/201404/t20140402_1872242.htm
10020,Germany,DEU,Europe and Central Asia,0,3/27/14,3/29/14,2014,0,0,6,1,1,1,1,1,Berlin; Duisburg,"52.5173885, 13.3951309; 51.434999, 6.759562",https://www.fmprc.gov.cn/ce/cedk/eng/ztbd/xjpfo/t1143120.htm|https://nl.china-embassy.gov.cn/eng/zgyw/201403/t20140324_2655389.htm|https://www.fmprc.gov.cn/eng/gjhdq_665435/3265_665445/3296_664550/3298_664554/202406/t20240611_11421349.html|https://www.geas.fu-berlin.de/events/reports_events/Xi.html|https://news.cgtn.com/news/7945444d32517a6333566d54/index.html|https://il.china-embassy.gov.cn/eng/zgxw/201404/t20140402_1872242.htm
10021,Belgium,BEL,Europe and Central Asia,0,3/30/14,4/1/14,2014,0,0,6,1,1,1,1,1,Brussels,"50.8467372, 4.352493",https://www.fmprc.gov.cn/ce/cedk/eng/ztbd/xjpfo/t1142997.htm|https://www.bbc.com/news/world-asia-26695489|https://www.fmprc.gov.cn/mfa_eng/gjhdq_665435/3265_665445/3276_664440/3278_664444/202406/t20240611_11419827.html|https://il.china-embassy.gov.cn/eng/zgxw/201404/t20140402_1872242.htm|https://il.china-embassy.gov.cn/eng/zgxw/201404/t20140401_1872226.htm
10022,South Korea,KOR,East Asia and Pacific,0,7/3/14,7/4/14,2014,0,0,7,1,1,1,1,1,Seoul,"37.5666791, 126.9782914",https://www.csis.org/analysis/president-xi-jinpings-state-visit-republic-korea|https://www.fmprc.gov.cn/mfa_eng/gjhdq_665435/2675_665437/2767_663538/2769_663542/201407/t20140708_522363.html|https://www.theguardian.com/world/2014/jul/03/china-snubs-north-korea-with-leaders-visit-to-south-korea|http://www.korea.net/NewsFocus/Society/view?articleId=120421|http://www.korea.net/NewsFocus/Society/view?articleId=120421|https://www.nytimes.com/2014/07/03/world/asia/chinas-president-to-visit-south-korea.html
10023,Brazil,BRA,Latin America and Caribbean,0,7/14/14,7/16/14,2014,1,BRICS,8,1,1,1,1,1,Brasilia; Fortaleza,"-10.3333333, -53.2; -3.7304512, -38.5217989",https://www1.folha.uol.com.br/internacional/en/business/2014/06/1472306-brazil-to-use-chinese-visit-for-business-deals.shtml|https://web.archive.org/web/20181029232408/http://carnegieendowment.org/2014/09/05/xi-jinping-s-july-2014-trip-to-latin-america|https://www.fmprc.gov.cn/eng/gjhdq_665435/3447_665449/3473_665008/3475_665012/202406/t20240612_11428427.html|https://www.fmprc.gov.cn/eng/gjhdq_665435/3447_665449/3473_665008/3475_665012/202406/t20240612_11428422.html|https://en.people.cn/n/2014/0718/c90883-8757391-2.html|https://www.chinadaily.com.cn/world/2014xibricssummit/2014-07/19/content_17846664.htm
10024,Argentina,ARG,Latin America and Caribbean,0,7/19/14,7/20/14,2014,0,0,8,1,1,1,1,1,"Buenos Aires; Luj‡n, Buenos Aires Province","-34.6095579, -58.3887904; -34.5661734, -59.1152598",https://www.chinadaily.com.cn/world/2014xibricssummit/2014-07/19/content_17846664.htm|https://usa.chinadaily.com.cn/2014-07/21/content_17860905.htm|https://www.fmprc.gov.cn/mfa_eng/gjhdq_665435/3447_665449/3453_664968/3455_664972/202406/t20240612_11427395.html|https://www.chinadaily.com.cn/world/2014xibricssummit/2014-07/20/content_17856422.htm|https://espanol.cgtn.com/news/2025-05-15/1922869345620606978/index.html
10025,Venezuela,VEN,Latin America and Caribbean,0,7/20/14,7/21/14,2014,0,0,8,1,1,1,1,1,Caracas,"10.5060934, -66.9146008",https://usa.chinadaily.com.cn/2014-07/21/content_17860905.htm|https://www.fmprc.gov.cn/eng/gjhdq_665435/3376_665447/cr_665018/a_665022/201407/t20140722_595101.html|https://www.fmprc.gov.cn/eng/gjhdq_665435/3376_665447/3488_665048/3490_665052/201407/t20140724_595636.html|https://www.fmprc.gov.cn/eng/gjhdq_665435/3447_665449/3538_665158/3540_665162/202406/t20240612_11429083.html|https://www.fmprc.gov.cn/eng/gjhdq_665435/3447_665449/3538_665158/3540_665162/202406/t20240612_11429092.html
10026,Cuba,CUB,Latin America and Caribbean,0,7/21/14,7/23/14,2014,0,0,8,1,1,1,1,1,Havana; Santiago de Cuba,"23.135305, -82.3589631; 20.0214263, -75.8294928",https://www.fmprc.gov.cn/eng/gjhdq_665435/3376_665447/3488_665048/3490_665052/201407/t20140724_595636.html|https://www.reuters.com/article/us-cuba-china/chinese-president-ends-regional-tour-in-cradle-of-cuban-revolution-idUSKBN0FS22R20140723|https://en.people.cn/n/2014/0724/c90883-8760487.html
10027,Mongolia,MNG,East Asia and Pacific,1,8/21/14,8/22/14,2014,0,0,9,1,1,1,1,1,Ulaanbaatar,"47.9184676, 106.9177016",https://www.fmprc.gov.cn/mfa_eng/gjhdq_665435/2675_665437/2742_663488/2744_663492/201408/t20140825_518226.html|http://eg.china-embassy.gov.cn/eng//rdwt/20140821/201408/t20140828_7243969.htm|https://www.fmprc.gov.cn/eng/gjhdq_665435/2675_665437/2742_663488/2744_663492/202406/t20240607_11410994.html|https://www.fmprc.gov.cn/eng/gjhdq_665435/2675_665437/2742_663488/2744_663492/202406/t20240607_11410999.html|https://www.mfa.gov.cn/eng/wjb/zzjg_663340/xws_665282/xgxw_665284/202406/t20240606_11405660.html
10028,Tajikistan,TJK,Europe and Central Asia,0,9/11/14,9/14/14,2014,1,SCO,10,1,1,1,1,1,Dushanbe,"38.5762709, 68.7863573",https://www.fmprc.gov.cn/mfa_eng/topics_665678/zjpcxshzzcygyslshdsschybdtjkstmedfsllkydjxgsfw/t1191032.shtml|https://english.www.gov.cn/news/top_news/2014/09/30/content_281474990836394.htm|https://en.people.cn/n/2014/0912/c90883-8781818.html
10029,Maldives,MDV,South Asia,0,9/14/14,9/16/14,2014,0,0,10,1,1,1,1,1,MalŽ,"4.1779879, 73.5107387",https://www.fmprc.gov.cn/mfa_eng/topics_665678/zjpcxshzzcygyslshdsschybdtjkstmedfsllkydjxgsfw/t1191505.shtml|https://english.www.gov.cn/news/photos/2014/09/25/content_281474989436041.htm|https://www.fmprc.gov.cn/mfa_eng/gjhdq_665435/2675_665437/2737_663478/2739_663482/202406/t20240607_11410859.html
10030,Sri Lanka,LKA,South Asia,0,9/16/14,9/17/14,2014,0,0,10,1,1,1,1,0,Colombo,"6.9388614, 79.8542005",https://www.fmprc.gov.cn/mfa_eng/topics_665678/zjpcxshzzcygyslshdsschybdtjkstmedfsllkydjxgsfw/t1192334.shtml|https://www.bbc.com/news/world-asia-29217706|https://mfa.gov.lk/sin/chinese-presidents-state-visit-to-sri-lanka-pictorial/|https://thediplomat.com/2014/09/china-courts-sri-lanka/|https://lk.china-embassy.gov.cn/eng/zgxw/201409/t20140919_1424503.htm
10031,India,IND,South Asia,1,9/17/14,9/19/14,2014,0,0,10,1,1,1,1,1,New Delhi; Ahmedabad,"28.6138954, 77.2090057; 23.0215374, 72.5800568",https://www.fmprc.gov.cn/mfa_eng/topics_665678/zjpcxshzzcygyslshdsschybdtjkstmedfsllkydjxgsfw/t1192789.shtml|https://lk.china-embassy.gov.cn/eng/zgxw/201409/t20140919_1424503.htm|https://www.mea.gov.in/incoming-visit-detail.htm?24022/Joint+Statement+between+the+Republic+of+India+and+the+Peoples+Republic+of+China+on+Building+a+Closer+Developmental+Partnership|https://timesofindia.indiatimes.com/india/Chinese-incursion-in-Ladakh-A-little-toothache-can-paralyze-entire-body-Modi-tells-Xi-Jinping/articleshow/42940337.cms
10032,Australia,AUS,East Asia and Pacific,0,11/14/14,11/19/14,2014,1,G20,11,1,1,1,0,1,Canberra; Brisbane; Hobart; Sydney,"-35.2975906, 149.1012676; -27.365991, 152.948963; -42.8825088, 147.3281233; -33.8698439, 151.2082848",https://www.fmprc.gov.cn/mfa_eng/topics_665678/xjpzxcxesgjtldrdjcfhdadlyxxlfjjxgsfwbttpyjjdgldrhw/t1211618.shtml|https://perth.china-consulate.gov.cn/eng//notc/202412/t20241219_11503121.htm|https://www.news.com.au/national/pictures-from-chinese-leader-xi-jinpings-2014-australia-visit-show-how-relationship-has-deteriorated/news-story/6d70292b4f7a79b0b2a561e83f794c67|https://www.theguardian.com/world/2014/nov/17/xi-jinping-says-china-will-always-seek-to-resolve-disputes-peacefully|https://auckland.china-consulate.gov.cn/eng/zt/xijinping/201412/t20141202_230474.htm|https://www.fmprc.gov.cn/eng/gjhdq_665435/2797_665439/3377_664820/3379_664824/202406/t20240612_11429314.html|https://www.fmprc.gov.cn/eng/gjhdq_665435/2797_665439/3377_664820/3379_664824/202406/t20240612_11429309.html
10033,New Zealand,NZL,East Asia and Pacific,0,11/19/14,11/21/14,2014,0,0,11,1,1,1,0,1,Wellington; Auckland; Karaka,"-41.2887953, 174.7772114; -36.852095, 174.7631803; -37.0995979, 174.8789863",https://www.fmprc.gov.cn/mfa_eng/topics_665678/xjpzxcxesgjtldrdjcfhdadlyxxlfjjxgsfwbttpyjjdgldrhw/t1213442.shtml|https://auckland.china-consulate.gov.cn/eng/zt/xijinping/201412/t20141202_230474.htm|https://auckland.china-consulate.gov.cn/eng/zt/xijinping/201412/t20141202_230476.htm|https://www.nzherald.co.nz/nz/president-xi-visit-nearly-20-china-nz-partnerships-signed/C5SU2QRLWGLRALANMAF2SCKB3I/
10034,Fiji,FJI,East Asia and Pacific,0,11/21/14,11/23/14,2014,0,0,11,1,1,1,1,0,Nadi,"-17.7992725, 177.4178549",https://www.fmprc.gov.cn/mfa_eng/topics_665678/xjpzxcxesgjtldrdjcfhdadlyxxlfjjxgsfwbttpyjjdgldrhw/t1214284.shtml|https://nz.china-embassy.gov.cn/eng/zgynagx/201412/t20141203_885321.htm|https://www.abc.net.au/news/2014-11-22/chinese-president-xi-visits-fiji-to-strengthen-economic-ties/5911144|https://www.chinadaily.com.cn/world/2014xiattendg20/2014-11/22/content_18957772.htm|https://www.ecns.cn/2014/11-23/143855.shtml
10035,Pakistan,PAK,South Asia,1,4/20/15,4/21/15,2015,0,0,12,1,1,1,1,1,Islamabad,"33.6938118, 73.0651511",https://en.wikipedia.org/wiki/State_visit_by_Xi_Jinping_to_Pakistan|https://www.fmprc.gov.cn/eng/zy/jj/2015zt/xjpdbjstjxgsfwbfydnxycxyfldrhyhwlhy60znjnhd/202406/t20240606_11381313.html|https://www.fmprc.gov.cn/eng/zy/jj/2015zt/xjpdbjstjxgsfwbfydnxycxyfldrhyhwlhy60znjnhd/202406/t20240606_11381321.html
10036,Indonesia,IDN,East Asia and Pacific,0,4/22/15,4/24/15,2015,0,0,12,0,3,0,1,1,Jakarta; Bandung,"-6.1754049, 106.827168; -6.9218457, 107.6070833",http://id.chinaembassy.gov.cn/eng/zgyyn/sbwl/201603/t20160304_2346192.htm|https://www.mfa.gov.cn/eng/zy/jj/2015zt/xjpdbjstjxgsfwbfydnxycxyfldrhyhwlhy60znjnhd/202406/t20240606_11381323.html|https://id.china-embassy.gov.cn/eng/ztbd/ddrr22/201603/t20160304_2345359.htm|https://www.mfa.gov.cn/eng/zy/jj/2015zt/xjpdbjstjxgsfwbfydnxycxyfldrhyhwlhy60znjnhd/202406/t20240606_11381332.html
10037,Kazakhstan,KAZ,Europe and Central Asia,1,5/7/15,5/7/15,2015,0,0,13,0,2,0,1,1,Astana,"51.1282205, 71.4306682",http://zm.chineseembassy.org/eng/zgxw/t1262793.htm|https://www.fmprc.gov.cn/eng/zy/jj/2015zt/xjpcxelsjnwgzzsl70znqdbfelshskstbels/202406/t20240606_11381340.html|https://www.fmprc.gov.cn/eng/zy/jj/2015zt/xjpcxelsjnwgzzsl70znqdbfelshskstbels/202406/t20240606_11381341.html
10038,Russia,RUS,Europe and Central Asia,1,5/8/15,5/9/15,2015,0,0,13,0,4,0,1,1,Moscow,"55.625578, 37.6063916",http://www.china-un.ch/eng/wjyw/t1263256.htm|https://losangeles.china-consulate.gov.cn/eng/topnews/201505/t20150505_4285326.htm|https://www.fmprc.gov.cn/mfa_eng//zy/jj/2015zt/xjpcxelsjnwgzzsl70znqdbfelshskstbels/202406/t20240606_11381342.html|https://www.mfa.gov.cn/eng/zy/jj/2015zt/xjpcxelsjnwgzzsl70znqdbfelshskstbels/202406/t20240606_11381346.html
10039,Belarus,BLR,Europe and Central Asia,0,5/10/15,5/12/15,2015,0,0,13,1,1,1,1,1,Minsk,"53.9024716, 27.5618225",http://www.china-un.ch/eng/wjyw/t1263265.htm|https://www.fmprc.gov.cn/eng/zy/jj/2015zt/xjpcxelsjnwgzzsl70znqdbfelshskstbels/202406/t20240606_11381340.html|https://losangeles.china-consulate.gov.cn/eng/topnews/201505/t20150505_4285326.htm|https://www.fmprc.gov.cn/eng/zy/jj/2015zt/xjpcxelsjnwgzzsl70znqdbfelshskstbels/202406/t20240606_11381348.html|https://www.mfa.gov.cn/eng/zy/jj/2015zt/xjpcxelsjnwgzzsl70znqdbfelshskstbels/202406/t20240606_11381352.html|https://www.fmprc.gov.cn/eng/zy/jj/2015zt/xjpcxelsjnwgzzsl70znqdbfelshskstbels/202406/t20240606_11381349.html
10040,Russia,RUS,Europe and Central Asia,1,7/8/15,7/11/15,2015,1,BRICS; SCO,14,0,5,0,1,0,Ufa,"54.7261409, 55.947499",https://www.fmprc.gov.cn/mfa_eng/topics_665678/2015zt/xjpcxjzgjldrdqchwhshhzzzcygyslshdswchy/201507/t20150710_705090.html|https://www.fmprc.gov.cn/eng/topics_665678/2015zt/xjpcxjzgjldrdqchwhshhzzzcygyslshdswchy/201507/t20150715_705124.html|http://en.kremlin.ru/events/president/news/49884|https://archive.nytimes.com/sinosphere.blogs.nytimes.com/2015/07/07/xi-jinping-of-china-makes-cartoon-appearance-before-meetings-in-russia/|https://www.mfa.gov.cn/eng/zy/jj/2015zt/xjpcxjzgjldrdqchwhshhzzzcygyslshdswchy/202406/t20240606_11381422.html|https://www.mfa.gov.cn/eng/zy/jj/2015zt/xjpcxjzgjldrdqchwhshhzzzcygyslshdswchy/202406/t20240606_11381438.html|https://www.xinhuanet.com//english/2015-07/09/c_134398348.htm
10041,United States,USA,North America,0,9/22/15,9/28/15,2015,0,0,15,0,2,1,1,1,"Washington, D.C.; Seattle, Washington; Everett, Washington; Redmond, Washington; Tacoma, Washington; New York, New York","38.8950982, -77.0363849; 47.6038321, -122.330062; 47.9793437, -122.2127011; 47.6694141, -122.1238767; 47.2455013, -122.438329; 40.7127281, -74.0060152",https://en.wikipedia.org/wiki/2015_visit_by_Xi_Jinping_to_the_United_States|https://history.state.gov/departmenthistory/visits/china|http://www.seattletimes.com/business/chinas-president-xi-arriving-this-morning/|https://obamawhitehouse.archives.gov/the-press-office/2015/09/25/fact-sheet-president-xi-jinpings-state-visit-united-states|https://www.fmprc.gov.cn/eng/zy/jj/2015zt/xjpdmgjxgsfwbcxlhgcl70znxlfh/202406/t20240606_11381560.html|https://www.mfa.gov.cn/eng/zy/jj/2015zt/xjpdmgjxgsfwbcxlhgcl70znxlfh/202406/t20240606_11381551.html|https://www.mfa.gov.cn/eng/zy/jj/2015zt/xjpdmgjxgsfwbcxlhgcl70znxlfh/202406/t20240606_11381560.html|https://www.bbc.com/news/world-asia-china-34322054|https://boeing.mediaroom.com/2015-09-23-Boeing-Hosts-China-President-Xi-Jinping-Announces-Airplane-Sales-Expanded-Collaboration-with-Chinas-Aviation-Industry|http://www.seattletimes.com/business/technology/china-us-tech-leaders-show-divergent-views-on-internet-interests/|http://qz.com/509683/uber-google-and-women-were-conspicuously-absent-from-the-us-china-tech-meet/
10042,United Kingdom,GBR,Europe and Central Asia,0,10/19/15,10/24/15,2015,0,0,16,1,1,1,1,1,"London; Aylesbury, Buckinghamshire, England; Manchester, England","51.5074456, -0.1277653; 51.8161412, -0.8130383; 53.4794892, -2.2451148",https://en.wikipedia.org/wiki/State_visit_by_Xi_Jinping_to_the_United_Kingdom|https://www.bbc.com/news/uk-34571910|https://www.gov.uk/government/news/troops-on-parade-as-uk-welcomes-china-with-spectacular-ceremony|http://www.fmprc.gov.cn/mfa_eng/zxxx_662805/t1309000.shtml|https://www.bbc.com/news/uk-34601823|http://news.xinhuanet.com/world/2015-10/23/c_1116915868.htm|https://www.bbc.com/news/uk-england-manchester-34611334
10043,Vietnam,VNM,East Asia and Pacific,1,11/5/15,11/6/15,2015,0,0,17,1,1,1,1,1,Hanoi,"21.0283334, 105.854041",https://www.fmprc.gov.cn/eng/topics_665678/2015zt/xjpdynxjpjxgsfw/201511/t20151110_704844.html|https://www.mfa.gov.cn/mfa_eng/zy/jj/2015zt/xjpdynxjpjxgsfw/202406/t20240606_11381296.html|https://www.fmprc.gov.cn/eng./zy/jj/2015zt/xjpdynxjpjxgsfw/202406/t20240606_11381302.html|https://www.fmprc.gov.cn/eng./zy/jj/2015zt/xjpdynxjpjxgsfw/202406/t20240606_11381300.html|https://www.fmprc.gov.cn/eng./zy/jj/2015zt/xjpdynxjpjxgsfw/202406/t20240606_11381299.html
10044,Singapore,SGP,East Asia and Pacific,0,11/6/15,11/7/15,2015,0,0,17,1,1,1,1,1,Singapore,"1.357107, 103.8194992",https://www.fmprc.gov.cn/eng/topics_665678/2015zt/xjpdynxjpjxgsfw/201511/t20151110_704858.html|https://www.fmprc.gov.cn/eng/topics_665678/2015zt/xjpdynxjpjxgsfw/201511/t20151110_704844.html|https://amti.csis.org/xis-vietnam-visit-more-symbol-than-substance/|https://www.mfa.gov.cn/mfa_eng/zy/jj/2015zt/xjpdynxjpjxgsfw/202406/t20240606_11381296.html|https://www.fmprc.gov.cn/eng./zy/jj/2015zt/xjpdynxjpjxgsfw/202406/t20240606_11381303.html
10045,Turkey,TUR,Europe and Central Asia,0,11/14/15,11/16/15,2015,1,G20,18,1,1,0,1,0,Antalya,"36.8865728, 30.7030242",https://en.people.cn/n/2015/1115/c90000-8976633.html|https://www.fmprc.gov.cn/mfa_eng/gjhdq_665435/2675_665437/2898_663796/|https://losangeles.china-consulate.gov.cn/eng/topnews/201511/t20151119_4288665.htm
10046,Philippines,PHL,East Asia and Pacific,0,11/17/15,11/19/15,2015,1,APEC,18,1,1,0,1,1,Manila,"14.5904492, 120.9803621",https://www.fmprc.gov.cn/eng/topics_665678/2015zt/xjpcxesgjtldrdscfhhytjhzzdesscldrfzshy/201511/t20151119_704794.html|https://www.rappler.com/newsbreak/iq/216885-chinese-presidents-trips-philippines-xi-jinping/|https://www.mfa.gov.cn/eng/zy/jj/2015zt/xjpcxesgjtldrdscfhhytjhzzdesscldrfzshy/202406/t20240606_11381276.html|https://www.alamy.com/stock-photo-manila-philippines-19th-november-2015-chinese-president-xi-jinping-90253471.html
10047,France,FRA,Europe and Central Asia,0,11/29/15,11/30/15,2015,0,0,19,0,2,0,1,1,Paris,"48.8588897, 2.320041",http://www.chinatoday.com.cn/english/news/2015-11/30/content_708787.htm|https://www.fmprc.gov.cn/eng./zy/jj/2015zt/xjpffgcxqhbhbldhdjbbwnfjxgsfwbfnfyhnsbzczfhzltfh/202406/t20240606_11381188.html|https://www.fmprc.gov.cn/eng/zy/jj/2015zt/xjpffgcxqhbhbldhdjbbwnfjxgsfwbfnfyhnsbzczfhzltfh/index_7.html|https://en.people.cn/n/2015/1130/c90000-8983510.html|https://www.fmprc.gov.cn/eng/gjhdq_665435/2913_665441/3119_664264/3121_664268/202406/t20240611_11418850.html
10048,Zimbabwe,ZWE,Sub-Saharan Africa,0,12/1/15,12/2/15,2015,0,0,19,1,1,1,1,1,Harare,"-17.8567035, 31.0601584",https://www.reuters.com/article/us-china-africa-zimbabwe-idUSKBN0TK3Q320151201|https://www.fmprc.gov.cn/eng/gjhdq_665435/2913_665441/3119_664264/3121_664268/202406/t20240611_11418850.html|https://www.fmprc.gov.cn/eng/gjhdq_665435/2913_665441/3119_664264/3121_664268/202406/t20240611_11418849.html
10049,South Africa,ZAF,Sub-Saharan Africa,0,12/2/15,12/5/15,2015,0,0,19,0,2,1,1,1,Pretoria; Johannesburg,"-25.7459277, 28.1879101; -26.205, 28.049722",https://uk.reuters.com/article/china-africa-safrica/chinas-xi-arrives-in-south-africa-for-talks-with-zuma-trade-summit-idUKL8N13R2FK20151202|https://www.fmprc.gov.cn/eng/gjhdq_665435/2913_665441/3119_664264/3121_664268/202406/t20240611_11418850.html|http://www.china.org.cn/world/2015-11/28/content_37185184.htm|https://za.china-embassy.gov.cn/eng/jbwzlm/zfgxss/zywx/201512/t20151208_7682919.htm
10050,Saudi Arabia,SAU,Middle East and North Africa,0,1/19/16,1/20/16,2016,0,0,20,1,1,1,1,1,Riyadh,"23.333333, 45.333333",https://www.bbc.com/news/world-middle-east-35351391|https://www.fmprc.gov.cn/eng/zy/jj/2016zt/xjpdstajyljxgsfw/202406/t20240606_11381109.html|https://www.mfa.gov.cn/eng/zy/jj/2016zt/xjpdstajyljxgsfw/202406/t20240606_11381106.html
10051,Egypt,EGY,Middle East and North Africa,0,1/20/16,1/21/16,2016,0,0,20,1,1,1,1,1,Cairo,"30.0443879, 31.2357257",https://www.chinadaily.com.cn/world/2016xivisitmiddleeast/2016-01/21/content_23174025.htm|http://www.chinafrica.cn/China/201601/t20160121_800047323.html|https://sis.gov.eg/en/presidency/presidents-receptions/chinese-president-s-visit/|https://www.fmprc.gov.cn/mfa_eng//zy/jj/2016zt/xjpdstajyljxgsfw/202406/t20240606_11381113.html|https://www.fmprc.gov.cn/eng/zy/jj/2016zt/xjpdstajyljxgsfw/202406/t20240606_11381115.html|https://www.fmprc.gov.cn/eng/zy/jj/2016zt/xjpdstajyljxgsfw/202406/t20240606_11381123.html
10052,Iran,IRN,Middle East and North Africa,0,1/22/16,1/23/16,2016,0,0,20,1,1,1,1,1,Tehran,"35.6892523, 51.3896004",https://www.bbc.com/news/world-middle-east-35390779|https://www.fmprc.gov.cn/eng/zy/jj/2016zt/xjpdstajyljxgsfw/202406/t20240606_11381123.html|https://mumbai.china-consulate.gov.cn/eng/zgyw/201601/t20160126_5410373.htm|https://www.fmprc.gov.cn/mfa_eng//zy/jj/2016zt/xjpdstajyljxgsfw/202406/t20240606_11381125.html|https://en.people.cn/n3/2016/0124/c90780-9008474.html
10053,Czech Republic,CZE,Europe and Central Asia,0,3/28/16,3/30/16,2016,0,0,21,1,1,1,1,1,Prague,"50.0874654, 14.4212535",https://www.reuters.com/article/us-czech-china/czech-courtship-pays-off-with-landmark-visit-from-chinese-leader-idUSKCN0WU01J|https://www.mfa.gov.cn/mfa_eng/zy/jj/2016zt/xjpdjkjxgsfwbfmgcxdsjhaqfh/202406/t20240606_11380789.html|https://www.mfa.gov.cn/eng/zy/jj/2016zt/xjpdjkjxgsfwbfmgcxdsjhaqfh/202406/t20240606_11380793.html|https://www.fmprc.gov.cn/eng./zy/jj/2016zt/xjpdjkjxgsfwbfmgcxdsjhaqfh/202406/t20240606_11380802.html
10054,United States,USA,North America,0,3/30/16,4/1/16,2016,0,0,21,0,3,0,1,1,"Washington, D.C.","38.8950982, -77.0363849",https://www.fmprc.gov.cn/eng/topics_665678/2016zt/xjpdjkjxgsfwbfmgcxdsjhaqfh/201604/t20160405_703900.html|https://www.fmprc.gov.cn/eng/topics_665678/2016zt/xjpdjkjxgsfwbfmgcxdsjhaqfh/201604/t20160406_703934.html|https://ph.china-embassy.gov.cn/eng/chinew/201604/t20160405_1159761.htm|https://www.fmprc.gov.cn/mfa_eng/zy/jj/2016zt/xjpdjkjxgsfwbfmgcxdsjhaqfh/202406/t20240606_11380807.html|https://www.fmprc.gov.cn/eng/zy/jj/2016zt/xjpdjkjxgsfwbfmgcxdsjhaqfh/202406/t20240606_11380824.html|https://www.caea.gov.cn/english/n6759373/n6759493/c6793394/content.html
10055,Serbia,SRB,Europe and Central Asia,0,6/17/16,6/19/16,2016,0,0,22,1,1,1,1,1,Belgrade,"44.8153318, 20.4456588",https://www.fmprc.gov.cn/mfa_eng/topics_665678/2016zt/xjpdsrwyblwzbkstjxgsfwbcxshzzcygyslshdschy/201606/t20160621_703941.html|https://www.fmprc.gov.cn/mfa_eng/topics_665678/2016zt/xjpdsrwyblwzbkstjxgsfwbcxshzzcygyslshdschy/201606/t20160621_703951.html|http://www.xinhuanet.com//english/2016-06/19/c_135449190.htm|https://ph.china-embassy.gov.cn/eng/chinew/201606/t20160621_1161172.htm|https://ph.china-embassy.gov.cn/eng/chinew/201606/t20160621_1161134.htm|https://www.osw.waw.pl/en/publikacje/analyses/2016-06-22/xi-jinping-serbia-not-just-economy
10056,Poland,POL,Europe and Central Asia,0,6/19/16,6/21/16,2016,0,0,22,1,1,1,1,1,Warsaw,"52.2333742, 21.0711489",https://www.fmprc.gov.cn/mfa_eng/topics_665678/2016zt/xjpdsrwyblwzbkstjxgsfwbcxshzzcygyslshdschy/201606/t20160622_703967.html|https://www.fmprc.gov.cn/mfa_eng/topics_665678/2016zt/xjpdsrwyblwzbkstjxgsfwbcxshzzcygyslshdschy/201606/t20160622_703959.html|http://en.chinadiplomacy.org.cn/2019-09/30/content_75261359.shtml|https://ph.china-embassy.gov.cn/eng/chinew/201606/t20160621_1161134.htm|https://www.mfa.gov.cn/eng/zy/jj/2016zt/xjpdsrwyblwzbkstjxgsfwbcxshzzcygyslshdschy/202406/t20240606_11380840.html|https://en.people.cn/n3/2016/0621/c90000-9075372.html|https://www.mfa.gov.cn/eng/zy/jj/2016zt/xjpdsrwyblwzbkstjxgsfwbcxshzzcygyslshdschy/202406/t20240606_11380836.html|https://www.mfa.gov.cn/eng/zy/jj/2016zt/xjpdsrwyblwzbkstjxgsfwbcxshzzcygyslshdschy/202406/t20240606_11380844.html
10057,Uzbekistan,UZB,Europe and Central Asia,0,6/21/16,6/24/16,2016,1,SCO,22,0,2,1,1,1,Tashkent; Bukhara,"41.3123363, 69.2787079; 39.7759835, 64.415153",http://www.chinatoday.com.cn/english/news/2016-06/22/content_722868.htm|https://ph.china-embassy.gov.cn/eng/chinew/201606/t20160621_1161134.htm|https://www.mfa.gov.cn/eng/zy/jj/2016zt/xjpdsrwyblwzbkstjxgsfwbcxshzzcygyslshdschy/202406/t20240606_11380840.html|https://www.fmprc.gov.cn/mfa_eng/zy/jj/2016zt/xjpdsrwyblwzbkstjxgsfwbcxshzzcygyslshdschy/202406/t20240606_11380866.html|https://en.people.cn/n3/2016/0621/c90000-9075372.html|https://www.mfa.gov.cn/eng/zy/jj/2016zt/xjpdsrwyblwzbkstjxgsfwbcxshzzcygyslshdschy/202406/t20240606_11380845.html|http://www.scio.gov.cn/news_0/202209/t20220921_415868.html|https://ph.china-embassy.gov.cn/eng/chinew/201606/t20160624_1161235.htm|https://www.mfa.gov.cn/eng/zy/jj/2016zt/xjpdsrwyblwzbkstjxgsfwbcxshzzcygyslshdschy/202406/t20240606_11380863.html
10058,Cambodia,KHM,East Asia and Pacific,0,10/13/16,10/14/16,2016,0,0,23,1,1,1,1,1,Phnom Penh,"11.5730391, 104.857807",https://www.reuters.com/article/us-china-cambodia/chinese-president-xi-jinping-visits-loyal-friend-cambodia-idUSKCN12D0NV|https://www.mfa.gov.cn/mfa_eng/zy/jj/2016zt/XJPDJPZMJLGJXGSFWBCXZYDGAJXDJZGJLDRDBCHW/202406/t20240606_11380997.html|https://www.fmprc.gov.cn/eng/zy/jj/2016zt/XJPDJPZMJLGJXGSFWBCXZYDGAJXDJZGJLDRDBCHW/202406/t20240606_11381016.html|https://losangeles.china-consulate.gov.cn/eng/topnews/201610/t20161018_4293570.htm|https://www.mfa.gov.cn/eng/zy/jj/2016zt/XJPDJPZMJLGJXGSFWBCXZYDGAJXDJZGJLDRDBCHW/202406/t20240606_11380998.html
10059,Bangladesh,BGD,South Asia,0,10/14/16,10/15/16,2016,0,0,23,1,1,1,1,1,Dhaka,"23.7643863, 90.3890144",https://www.forbes.com/sites/arafatkabir/2016/10/14/chinese-president-xi-jinpings-visit-to-bangladesh-gives-boost-to-bilateral-relations/|https://www.mfa.gov.cn/mfa_eng/zy/jj/2016zt/XJPDJPZMJLGJXGSFWBCXZYDGAJXDJZGJLDRDBCHW/202406/t20240606_11380997.html|https://www.fmprc.gov.cn/eng/zy/jj/2016zt/XJPDJPZMJLGJXGSFWBCXZYDGAJXDJZGJLDRDBCHW/202406/t20240606_11381016.html|https://www.chinadaily.com.cn/world/xiattendsbricssummit/2016-10/14/content_27067062.htm|https://www.mfa.gov.cn/mfa_eng/zy/jj/2016zt/XJPDJPZMJLGJXGSFWBCXZYDGAJXDJZGJLDRDBCHW/202406/t20240606_11381004.html
10060,India,IND,South Asia,1,10/15/16,10/17/16,2016,1,BRICS,23,0,2,0,0,0,Goa,"15.3004543, 74.0855134",https://timesofindia.indiatimes.com/india/Chinese-President-Xi-Jinping-arrives-in-Goa-for-BRICS-2016-meet/articleshow/54866744.cms|https://timesofindia.indiatimes.com/world/china/xi-jinping-to-visit-india-bangladesh-cambodia-this-week/articleshow/54773950.cms|http://ph.china-embassy.gov.cn/eng/chinew/201610/t20161019_1163038.htm|https://www.mfa.gov.cn/mfa_eng/zy/jj/2016zt/XJPDJPZMJLGJXGSFWBCXZYDGAJXDJZGJLDRDBCHW/202406/t20240606_11380997.html|https://www.fmprc.gov.cn/eng/zy/jj/2016zt/XJPDJPZMJLGJXGSFWBCXZYDGAJXDJZGJLDRDBCHW/202406/t20240606_11381016.html|https://www.fmprc.gov.cn/mfa_eng/zy/jj/2016zt/xjpdsrwyblwzbkstjxgsfwbcxshzzcygyslshdschy/202406/t20240606_11380856.html|https://www.mfa.gov.cn/eng/zy/jj/2016zt/XJPDJPZMJLGJXGSFWBCXZYDGAJXDJZGJLDRDBCHW/202406/t20240606_11381006.html
10061,Ecuador,ECU,Latin America and Caribbean,0,11/17/16,11/18/16,2016,0,0,24,1,1,1,1,1,Quito,"-0.2201641, -78.5123274",http://un.china-mission.gov.cn/eng/zgyw/201611/t20161122_8393774.htm|https://america.cgtn.com/2016/11/18/chinese-president-honors-ecuadors-heroes-during-visit|https://www.fmprc.gov.cn/eng/gjhdq_665435/3447_665449/3493_665068/3495_665072/202406/t20240612_11428799.html|https://www.fmprc.gov.cn/eng/zy/jj/2016zt/XJPDEGDEBLZLJXGSFWBCXZBLLMJXDYTJHZZDESSCLDRFZSHY/202406/t20240606_11381061.html
10062,Peru,PER,Latin America and Caribbean,0,11/18/16,11/22/16,2016,1,APEC,24,1,1,1,1,1,Lima,"-12.0459808, -77.0305912",https://www.fmprc.gov.cn/eng/topics_665678/2016zt/XJPDEGDEBLZLJXGSFWBCXZBLLMJXDYTJHZZDESSCLDRFZSHY/201611/t20161122_704380.html|https://www.fmprc.gov.cn/eng/zy/jj/2016zt/XJPDEGDEBLZLJXGSFWBCXZBLLMJXDYTJHZZDESSCLDRFZSHY/202406/t20240606_11381061.html|https://www.fmprc.gov.cn/eng/gjhdq_665435/3447_665449/3513_665118/3515_665122/202406/t20240612_11428916.html|https://www.fmprc.gov.cn/mfa_eng//zy/jj/2016zt/XJPDEGDEBLZLJXGSFWBCXZBLLMJXDYTJHZZDESSCLDRFZSHY/202406/t20240606_11381075.html|https://www.fmprc.gov.cn/eng/zy/jj/2016zt/XJPDEGDEBLZLJXGSFWBCXZBLLMJXDYTJHZZDESSCLDRFZSHY/202406/t20240606_11381074.html
10063,Chile,CHL,Latin America and Caribbean,0,11/22/16,11/23/16,2016,0,0,24,1,1,1,1,1,Santiago,"-33.4376995, -70.6510671",http://surabaya.china-consulate.gov.cn/eng/jrzg_2/201611/t20161125_5332316.htm|http://np.china-embassy.gov.cn/eng/News/201611/t20161129_1585137.htm|https://www.fmprc.gov.cn/eng/zy/jj/2016zt/XJPDEGDEBLZLJXGSFWBCXZBLLMJXDYTJHZZDESSCLDRFZSHY/202406/t20240606_11381061.html|https://www.fmprc.gov.cn/eng/zy/jj/2016zt/XJPDEGDEBLZLJXGSFWBCXZBLLMJXDYTJHZZDESSCLDRFZSHY/202406/t20240606_11381078.html|https://www.mfa.gov.cn/eng/zy/jj/2016zt/XJPDEGDEBLZLJXGSFWBCXZBLLMJXDYTJHZZDESSCLDRFZSHY/202406/t20240606_11381081.html|https://www.fmprc.gov.cn/eng/zy/jj/2016zt/XJPDEGDEBLZLJXGSFWBCXZBLLMJXDYTJHZZDESSCLDRFZSHY/202406/t20240606_11381080.html
10064,Spain,ESP,Europe and Central Asia,0,11/23/16,11/24/16,2016,0,0,24,1,1,0,0,0,"Maspalomas, Canary Islands","27.7527731, -15.5970832",http://np.china-embassy.gov.cn/eng/News/201611/t20161129_1585137.htm|https://www.laprovincia.es/canarias/2016/11/24/xi-jinping-llega-gran-canaria-9808617.html|https://www.chinadaily.com.cn/world/2016xivisitepc/2016-11/25/content_27481659.htm|https://en.maspalomas24h.com/art/7324/que-hacia-la-alcaldesa-de-las-palmas-en-la-llegada-de-xi-jinping-y-nadie-de-la-capital-real-de-la-isla
10065,Switzerland,CHE,Europe and Central Asia,0,1/15/17,1/18/17,2017,0,0,25,1,1,1,1,1,Zurich; Bern; Davos; Geneva,"47.3744489, 8.5410422; 46.9484742, 7.4521749; 46.796198, 9.8236892; 46.2017559, 6.1466014",https://www.fmprc.gov.cn/eng/topics_665678/2017zt/xjpdrsjxgsfwcxsjjjlt2017nnhbfwrsgjzz/201701/t20170110_703486.html|https://www.eda.admin.ch/countries/china/en/home/news/news.html/content/countries/china/en/meta/news/2017/201701/Chinese-President-XI-Jinping-ends-state-visit-to-Switzerland|https://www.fmprc.gov.cn/eng./zy/jj/2017zt/xjpdrsjxgsfwcxsjjjlt2017nnhbfwrsgjzz/|https://www.fmprc.gov.cn/eng./zy/jj/2017zt/xjpdrsjxgsfwcxsjjjlt2017nnhbfwrsgjzz/202406/t20240606_11380590.html|http://www.scio.gov.cn/news_0/202209/t20220921_422891.html|https://en.people.cn/n3/2017/0111/c90000-9165250.html
10066,Finland,FIN,Europe and Central Asia,0,4/4/17,4/6/17,2017,0,0,26,1,1,1,1,1,Helsinki,"60.1666204, 24.9435408",http://www.xinhuanet.com//english/2017-04/04/c_136182405.htm|https://www.fmprc.gov.cn/mfa_eng/topics_665678/2017zt/xjpdfljxgsfwbfmgflldjxzmyshw/201704/t20170411_703551.html|https://www.fmprc.gov.cn/eng/zy/jj/2017zt/xjpdfljxgsfwbfmgflldjxzmyshw/202406/t20240606_11380623.html|https://www.presidentti.fi/niinisto/en/pictures/state-visit-of-president-of-china-4-6-4-2017/index.html|https://www.fmprc.gov.cn/eng/zy/jj/2017zt/xjpdfljxgsfwbfmgflldjxzmyshw/202406/t20240606_11380621.html
10067,United States,USA,North America,0,4/6/17,4/9/17,2017,0,0,26,0,4,0,1,0,"Palm Beach, Florida","26.6279798, -80.4494174",https://www.fmprc.gov.cn/mfa_eng/topics_665678/2017zt/xjpdfljxgsfwbfmgflldjxzmyshw/201704/t20170411_703555.html|https://history.state.gov/departmenthistory/visits/china|https://www.fmprc.gov.cn/eng/zy/jj/2017zt/xjpdfljxgsfwbfmgflldjxzmyshw/202406/t20240606_11380623.html|https://www.fmprc.gov.cn/eng/zy/jj/2017zt/xjpdfljxgsfwbfmgflldjxzmyshw/202406/t20240606_11380626.html
10068,Kazakhstan,KAZ,Europe and Central Asia,1,6/7/17,6/10/17,2017,1,SCO,27,0,3,1,1,1,Astana,"51.1282205, 71.4306682",http://www.xinhuanet.com//english/2017-06/07/c_136347953.htm|https://www.fmprc.gov.cn/mfa_eng/topics_665678/2017zt/xjpdhjxgsfwbcxshzzcygyslshdsqchyhastnzxsbhkms/201706/t20170612_703611.html|https://www.fmprc.gov.cn/eng/wjb_663304/zzjg_663340/dozys_664276/dqzzywt_664402/201706/t20170613_555166.html|https://www.fmprc.gov.cn/eng/wjb_663304/zzjg_663340/dozys_664276/dqzzywt_664402/201706/t20170613_555160.html|https://www.fmprc.gov.cn/eng/zy/jj/2017zt/xjpdhjxgsfwbcxshzzcygyslshdsqchyhastnzxsbhkms/|https://www.fmprc.gov.cn/eng/zy/jj/2017zt/xjpdhjxgsfwbcxshzzcygyslshdsqchyhastnzxsbhkms/202406/t20240606_11380653.html|http://www.scio.gov.cn/news_0/202209/t20220921_426065.html|https://www.fmprc.gov.cn/eng/zy/jj/2017zt/xjpdhjxgsfwbcxshzzcygyslshdsqchyhastnzxsbhkms/202406/t20240606_11380656.html
10069,Russia,RUS,Europe and Central Asia,1,7/3/17,7/4/17,2017,0,0,28,0,6,1,1,1,Moscow,"55.625578, 37.6063916",https://web.archive.org/web/20181130133216/http://www.xinhuanet.com/english/2017-07/03/c_136414059.htm|http://news.xinhuanet.com/english/2017-07/05/c_136417471.htm|https://ph.china-embassy.gov.cn/eng/chinew/201707/t20170706_1165880.htm|http://en.kremlin.ru/events/president/transcripts/54972|https://www.mfa.gov.cn/eng/zy/jj/2017zt/XJPDEDFWBCXGEODSECFH/202406/t20240606_11380677.html|https://www.chinadaily.com.cn/world/2017xivisitgermany/2017-07/05/content_30001609.htm|https://ph.china-embassy.gov.cn/eng/chinew/201707/t20170706_1165889.htm
10070,Germany,DEU,Europe and Central Asia,0,7/4/17,7/8/17,2017,1,G20,28,0,2,1,1,1,Berlin; Hamburg,"52.5173885, 13.3951309; 53.5501721, 10.0013165",http://www.xinhuanet.com/english/2017-07/05/c_136417343.htm|https://www.fmprc.gov.cn/mfa_eng/topics_665678/2017zt/XJPDEDFWBCXGEODSECFH/201707/t20170712_703686.html|https://ph.china-embassy.gov.cn/eng/chinew/201707/t20170706_1165880.htm|https://www.mfa.gov.cn/eng/zy/jj/2017zt/XJPDEDFWBCXGEODSECFH/202406/t20240606_11380677.html|https://www.mfa.gov.cn/eng/zy/jj/2017zt/XJPDEDFWBCXGEODSECFH/202406/t20240606_11380694.html|https://www.mfa.gov.cn/eng/zy/jj/2017zt/XJPDEDFWBCXGEODSECFH/202406/t20240606_11380682.html|https://www.chinadaily.com.cn/world////2017xivisitgermany/2017-07/09/content_30047587.htm|https://ph.china-embassy.gov.cn/eng/chinew/201707/t20170710_1165926.htm
10071,Vietnam,VNM,East Asia and Pacific,1,11/10/17,11/13/17,2017,1,APEC,29,0,2,1,1,1,Hanoi; Da Nang,"21.0283334, 105.854041; 16.068, 108.212",https://www.fmprc.gov.cn/mfa_eng/topics_665678/2017zt/xjpcxdeswjapcebdynlwjxgsfw/201711/t20171114_703758.html|http://english.www.gov.cn/news/top_news/2017/11/10/content_281475938224046.htm|https://e.vnexpress.net/news/news/chinese-president-wraps-up-vietnam-visit-3669783.html|https://www.mfa.gov.cn/eng/zy/jj/2017zt/xjpcxdeswjapcebdynlwjxgsfw/202406/t20240606_11380723.html|https://md.china-embassy.gov.cn/eng/zgyw/201711/t20171115_2617368.htm|https://losangeles.china-consulate.gov.cn/eng/topnews/201711/t20171114_4298233.htm|https://english.www.gov.cn/news/top_news/2017/11/12/content_281475940022380.htm
10072,Laos,LAO,East Asia and Pacific,1,11/13/17,11/14/17,2017,0,0,29,1,1,1,1,1,Vientiane,"17.9640988, 102.6133707",https://www.fmprc.gov.cn/mfa_eng/topics_665678/2017zt/xjpcxdeswjapcebdynlwjxgsfw/201711/t20171115_703776.html|http://www.xinhuanet.com/english/2017-11/14/c_136752151.htm|https://losangeles.china-consulate.gov.cn/eng/topnews/201711/t20171114_4298233.htm|https://www.mfa.gov.cn/eng/zy/jj/2017zt/xjpcxdeswjapcebdynlwjxgsfw/202406/t20240606_11380741.html|http://politics.people.com.cn/n1/2017/1114/c1024-29643807.html|https://www.xinhuanet.com//english/2017-11/14/c_136752151.htm
10073,United Arab Emirates,ARE,Middle East and North Africa,0,7/19/18,7/21/18,2018,0,0,30,1,1,1,0,1,Abu Dhabi,"24.4538352, 54.3774014",https://www.fmprc.gov.cn/eng/topics_665678/2018zt/xgswfcxjxgjmlqs/201807/t20180720_710165.html|https://gulfbusiness.com/chinese-president-ends-uae-visit-raft-deals-signed/|https://www.fmprc.gov.cn/eng/zy/jj/2018zt/xgswfcxjxgjmlqs/202406/t20240606_11380515.html|https://www.fmprc.gov.cn/eng/zy/jj/2018zt/xgswfcxjxgjmlqs/202406/t20240606_11380521.html|https://www.wam.ae/en/article/hszr79i9-chinese-president-jinping-arrives-uae-three-day
10074,Senegal,SEN,Sub-Saharan Africa,0,7/21/18,7/22/18,2018,0,0,30,1,1,1,1,1,Dakar,"14.693425, -17.447938",http://www.chinadaily.com.cn/a/201807/21/WS5b5353a2a310796df4df7e45_3.html|https://www.washingtonpost.com/news/monkey-cage/wp/2018/07/24/xi-jinping-is-visiting-africa-this-week-heres-why-china-is-such-a-popular-development-partner/|https://www.fmprc.gov.cn/eng/zy/jj/2018zt/xgswfcxjxgjmlqs/202406/t20240606_11380515.html|https://www.fmprc.gov.cn/eng/zy/jj/2018zt/xgswfcxjxgjmlqs/202406/t20240606_11380520.html|https://www.fmprc.gov.cn/eng/zy/jj/2018zt/xgswfcxjxgjmlqs/202406/t20240606_11380522.html
10075,Rwanda,RWA,Sub-Saharan Africa,0,7/22/18,7/23/18,2018,0,0,30,1,1,1,1,1,Kigali,"-1.9534357, 30.1140089",https://www.rwandainchina.gov.rw/info/info-details/president-xi-jinping-held-a-successful-visit-to-rwanda|https://www.fmprc.gov.cn/eng/zy/jj/2018zt/xgswfcxjxgjmlqs/202406/t20240606_11380515.html|https://www.fmprc.gov.cn/eng/zy/jj/2018zt/xgswfcxjxgjmlqs/202406/t20240606_11380525.html|https://www.rwandainchina.gov.rw/info/info-details/president-xi-jinping-held-a-successful-visit-to-rwanda
10076,South Africa,ZAF,Sub-Saharan Africa,0,7/23/18,7/27/18,2018,1,BRICS,30,0,3,1,1,1,Pretoria; Johannesburg,"-25.7459277, 28.1879101; -26.205, 28.049722",http://www.xinhuanet.com/english/2018-07/24/c_137344271.htm|https://www.fmprc.gov.cn/eng/zy/jj/2018zt/xgswfcxjxgjmlqs/202406/t20240606_11380515.html|https://www.fmprc.gov.cn/eng/zy/jj/2018zt/xgswfcxjxgjmlqs/202406/t20240606_11380525.html|https://www.mfa.gov.cn/eng/zy/jj/2018zt/xgswfcxjxgjmlqs/202406/t20240606_11380527.html|https://thepresidency.gov.za/president-cyril-ramaphosa-receive-president-xi-jinping-peoples-republic-china-state-visit-south
10077,Mauritius,MUS,Sub-Saharan Africa,0,7/27/18,7/28/18,2018,0,0,30,1,1,1,0,1,Port Louis,"-20.1624522, 57.5028044",http://www.xinhuanet.com/english/2018-07/28/c_137352926.htm|https://www.fmprc.gov.cn/eng/zy/jj/2018zt/xgswfcxjxgjmlqs/202406/t20240606_11380525.html|https://www.mfa.gov.cn/eng/zy/jj/2018zt/xgswfcxjxgjmlqs/202406/t20240606_11380544.html|https://www.fmprc.gov.cn/eng/zy/jj/2018zt/xgswfcxjxgjmlqs/202406/t20240606_11380545.html|https://bw.china-embassy.gov.cn/eng//zfgx/201807/t20180717_5719652.htm
10078,Russia,RUS,Europe and Central Asia,1,9/11/18,9/12/18,2018,0,0,31,0,7,0,1,0,Vladivostok,"43.1150678, 131.8855768",https://www.fmprc.gov.cn/mfa_eng/topics_665678/2018zt/xjpfecxdsjdfjjlt/201809/t20180912_710140.html|https://www.fmprc.gov.cn/mfa_eng/topics_665678/2018zt/xjpfecxdsjdfjjlt/201809/t20180914_710154.html|https://www.fmprc.gov.cn/mfa_eng/zy/jj/2018zt/xjpfecxdsjdfjjlt/index_1.html|https://www.fmprc.gov.cn/mfa_eng/zy/jj/2018zt/xjpfecxdsjdfjjlt/202406/t20240606_11380500.html|https://www.fmprc.gov.cn/mfa_eng/zy/jj/2018zt/xjpfecxdsjdfjjlt/202406/t20240606_11380504.html|https://www.fmprc.gov.cn/mfa_eng/zy/jj/2018zt/xjpfecxdsjdfjjlt/202406/t20240606_11380509.html|https://www.fmprc.gov.cn/mfa_eng/zy/jj/2018zt/xjpfecxdsjdfjjlt/202406/t20240606_11380502.html
10079,Papua New Guinea,PNG,East Asia and Pacific,0,11/15/18,11/18/18,2018,1,APEC,32,1,1,1,0,1,Port Moresby,"-9.4743301, 147.1599504",https://www.theguardian.com/world/2018/nov/16/the-china-show-xi-jinping-arrives-in-png-for-start-of-apec-summit|http://www.xinhuanet.com/english/2018-11/18/c_137615119.htm|https://www.mfa.gov.cn/eng/zy/jj/2018zt/xjpcxytjhzz/202406/t20240606_11380428.html|http://www.xinhuanet.com/english/2018-11/15/c_137609205.htm|https://news.cgtn.com/news/3d3d514f79496a4e30457a6333566d54/index.html|https://thediplomat.com/2018/11/xi-arrives-in-papua-new-guinea-for-first-ever-visit-by-a-chinese-president/
10080,Brunei,BRN,East Asia and Pacific,0,11/18/18,11/20/18,2018,0,0,32,1,1,1,1,1,Bandar Seri Begawan,"4.8895453, 114.9417574",http://www.xinhuanet.com/english/2018-11/18/c_137615725.htm|https://news.cgtn.com/news/3d3d774d33676a4e30457a6333566d54/index.html|https://www.mfa.gov.cn/eng/zy/jj/2018zt/xjpcxytjhzz/202406/t20240606_11380428.html|https://www.fmprc.gov.cn/eng./zy/jj/2018zt/xjpcxytjhzz/202406/t20240606_11380423.html|http://english.scio.gov.cn/m/topnews/2018-11/20/content_73872940_6.htm|https://news.cgtn.com/news/3d3d514d30676a4e30457a6333566d54/index.html
10081,Philippines,PHL,East Asia and Pacific,0,11/20/18,11/21/18,2018,0,0,32,0,2,1,1,1,Manila,"14.5904492, 120.9803621",https://www.fmprc.gov.cn/mfa_eng/topics_665678/2018zt/xjpcxytjhzz/201811/t20181121_709995.html|https://newsinfo.inquirer.net/1053988/palace-chinas-xi-to-visit-ph-on-nov-20-21|https://beijingpe.dfa.gov.ph/84-phl-chn-relations|https://www.mfa.gov.cn/eng/zy/jj/2018zt/xjpcxytjhzz/202406/t20240606_11380428.html|https://www.fmprc.gov.cn/mfa_eng/zy/jj/2018zt/xjpcxytjhzz/202406/t20240606_11380426.html|http://www.xinhuanet.com/english/2018-11/21/c_137622271.htm
10082,Spain,ESP,Europe and Central Asia,0,11/27/18,11/29/18,2018,0,0,33,0,2,1,1,1,Madrid,"40.416782, -3.703507",https://english.elpais.com/elpais/2018/11/29/inenglish/1543487613_943461.html|http://www.xinhuanet.com/english/2018-11/28/c_137636876.htm|http://english.scio.gov.cn/m/topnews/2018-11/28/content_74216379.htm|https://www.lamoncloa.gob.es/lang/en/presidente/news/paginas/2018/20181128sanchez-jinping.aspx|https://www.bjreview.com/World/201811/t20181130_800149946.html|https://www.fmprc.gov.cn/eng/gjhdq_665435/3265_665445/3356_664772/3358_664776/202406/t20240611_11423622.html
10083,Argentina,ARG,Latin America and Caribbean,0,11/29/18,12/2/18,2018,1,G20,33,0,2,1,1,1,Buenos Aires,"-34.6095579, -58.3887904",https://web.archive.org/web/20181130213021/http://www.xinhuanet.com/english/2018-11/30/c_137641737.htm|http://english.www.gov.cn/news/top_news/2018/12/02/content_281476415821808.htm|http://www.xinhuanet.com/english/2018-12/03/c_137646631.htm|https://www.cancilleria.gob.ar/en/announcements/news/joint-statement-between-peoples-republic-china-and-argentine-republic|https://english.www.gov.cn/news/top_news/2018/11/30/content_281476413015266.htm|http://www.xinhuanet.com/english/2018-11/28/c_137636876.htm|http://english.www.gov.cn/news/top_news/2018/11/30/content_281476413015266.htm
10084,Panama,PAN,Latin America and Caribbean,0,12/2/18,12/3/18,2018,0,0,33,1,1,1,1,1,Panama City,"8.9714493, -79.5341802",http://www.xinhuanet.com/english/2018-12/03/c_137647714.htm|http://mn.china-embassy.gov.cn/eng/fyrth/201812/t20181204_1545169.htm|https://english.www.gov.cn/news/top_news/2018/11/30/content_281476413015266.htm|https://english.www.gov.cn/news/top_news/2018/11/30/content_281476413015266.htm|http://www.xinhuanet.com/english/2018-11/28/c_137636876.htm|http://english.www.gov.cn/news/top_news/2018/12/03/content_281476417498682.htm|https://www.fmprc.gov.cn/mfa_eng/zy/jj/2018zt/xjpcxytjhzz/202406/t20240606_11380454.html
10085,Portugal,PRT,Europe and Central Asia,0,12/4/18,12/5/18,2018,0,0,33,1,1,1,1,1,Lisbon,"38.7077507, -9.1365919",http://www.xinhuanet.com/english/2018-12/04/c_137650640.htm|https://america.cgtn.com/2018/12/05/president-xi-wraps-up-trip-in-portugal-with-bilateral-agreements|http://www.xinhuanet.com/english/2018-11/28/c_137636876.htm|https://www.fmprc.gov.cn/mfa_eng/zy/jj/2018zt/xjpcxytjhzz/202406/t20240606_11380452.html|http://www.xinhuanet.com/english/2018-12/04/c_137650640.htm|http://english.scio.gov.cn/topnews/2018-12/04/content_74239310.htm|https://www.mfa.gov.cn/eng/zy/jj/2018zt/xjpcxytjhzz/202406/t20240606_11380457.html
10086,Italy,ITA,Europe and Central Asia,0,3/21/19,3/23/19,2019,0,0,34,1,1,1,1,1,Rome; Palermo,"41.8933203, 12.4829321; 38.1112268, 13.3524434",https://www.fmprc.gov.cn/mfa_eng/topics_665678/2019zt/xjpdydlmngfggsfw/201903/t20190325_710481.html|https://www.quirinale.it/elementi/26101|https://en.wikipedia.org/wiki/State_visits_by_Xi_Jinping_to_Italy_and_France|https://www.mfa.gov.cn/eng/zy/jj/2019zt/xjpdydlmngfggsfw/202406/t20240606_11380391.html|https://www.fmprc.gov.cn/eng./zy/jj/2019zt/xjpdydlmngfggsfw/202406/t20240606_11380410.html|https://www.fmprc.gov.cn/eng./zy/jj/2019zt/xjpdydlmngfggsfw/202406/t20240606_11380390.html|https://www.fmprc.gov.cn/eng./zy/jj/2019zt/xjpdydlmngfggsfw/202406/t20240606_11380392.html|https://www.fmprc.gov.cn/eng./zy/jj/2019zt/xjpdydlmngfggsfw/202406/t20240606_11380397.html|https://cepa.org/article/italian-alarm-as-china-eyes-port-of-palermo/|https://www.fmprc.gov.cn/eng./zy/jj/2019zt/xjpdydlmngfggsfw/202406/t20240606_11380398.html
10087,Monaco,MCO,Europe and Central Asia,0,3/24/19,3/24/19,2019,0,0,34,1,1,1,1,1,Monte Carlo,"43.7402961, 7.426559",https://www.fmprc.gov.cn/mfa_eng/topics_665678/2019zt/xjpdydlmngfggsfw/201903/t20190326_710498.html|https://en.wikipedia.org/wiki/State_visits_by_Xi_Jinping_to_Italy_and_France|https://www.fmprc.gov.cn/eng./zy/jj/2019zt/xjpdydlmngfggsfw/202406/t20240606_11380410.html|https://www.fmprc.gov.cn/eng./zy/jj/2019zt/xjpdydlmngfggsfw/202406/t20240606_11380390.html|https://www.fmprc.gov.cn/eng./zy/jj/2019zt/xjpdydlmngfggsfw/202406/t20240606_11380399.html|https://www.fmprc.gov.cn/eng./zy/jj/2019zt/xjpdydlmngfggsfw/202406/t20240606_11380401.html|https://www.nytimes.com/2019/03/24/world/europe/xi-macron-france-monaco-prince-albert.html
10088,France,FRA,Europe and Central Asia,0,3/24/19,3/26/19,2019,0,0,34,0,3,1,1,1,Paris; Nice; Beaulieu-sur-Mer,"48.8588897, 2.320041; 43.7009358, 7.2683912; 43.7088, 7.33375",https://en.wikipedia.org/wiki/State_visits_by_Xi_Jinping_to_Italy_and_France|https://www.fmprc.gov.cn/eng./zy/jj/2019zt/xjpdydlmngfggsfw/202406/t20240606_11380410.html|https://www.fmprc.gov.cn/eng./zy/jj/2019zt/xjpdydlmngfggsfw/202406/t20240606_11380390.html|https://www.fmprc.gov.cn/eng./zy/jj/2019zt/xjpdydlmngfggsfw/202406/t20240606_11380399.html|https://www.fmprc.gov.cn/eng./zy/jj/2019zt/xjpdydlmngfggsfw/202406/t20240606_11380400.html|https://www.fmprc.gov.cn/eng./zy/jj/2019zt/xjpdydlmngfggsfw/202406/t20240606_11380405.html|http://eng.chinamil.com.cn/CHINA_209163/TopStories_209189/9458870.html|https://www.nytimes.com/2019/03/24/world/europe/xi-macron-france-monaco-prince-albert.html
10089,Russia,RUS,Europe and Central Asia,1,6/5/19,6/7/19,2019,0,0,35,0,8,1,1,1,Moscow; St. Petersburg,"55.625578, 37.6063916; 59.938732, 30.316229",https://www.nytimes.com/2019/06/05/world/europe/xi-jinping-china-russia.html|http://au.china-embassy.gov.cn/eng/zgxw_4/201906/t20190611_737772.htm|https://www.fmprc.gov.cn/mfa_eng/zy/jj/2019zt/xjpcfelsgjjjlt/|https://www.fmprc.gov.cn/mfa_eng/zy/jj/2019zt/xjpcfelsgjjjlt/202406/t20240606_11380063.html|https://www.fmprc.gov.cn/mfa_eng/zy/jj/2019zt/xjpcfelsgjjjlt/202406/t20240606_11380061.html|https://www.fmprc.gov.cn/mfa_eng/zy/jj/2019zt/xjpcfelsgjjjlt/202406/t20240606_11380070.html|https://www.fmprc.gov.cn/mfa_eng/zy/jj/2019zt/xjpcfelsgjjjlt/202406/t20240606_11380073.html|https://www.fmprc.gov.cn/mfa_eng/zy/jj/2019zt/xjpcfelsgjjjlt/202406/t20240606_11380081.html|https://www.fmprc.gov.cn/mfa_eng/zy/jj/2019zt/xjpcfelsgjjjlt/202406/t20240606_11380078.html|https://fm.china-embassy.gov.cn/eng/zgxw/201906/t20190611_16139.htm
10090,Kyrgyzstan,KGZ,Europe and Central Asia,1,6/12/19,6/14/19,2019,1,SCO,36,0,2,1,1,1,Bishkek,"42.8761424, 74.6036724",https://www.fmprc.gov.cn/eng./wjb_663304/zzjg_663340/dozys_664276/dqzzywt_664402/201906/t20190614_555261.html|https://www.fmprc.gov.cn/eng/wjb/zzjg_663340/dozys_664276/xwlb_664278/202406/t20240606_11396874.html|https://www.mfa.gov.cn/eng/wjb/zzjg_663340/dozys_664276/xwlb_664278/202406/t20240606_11396960.html|https://www.fmprc.gov.cn/eng/wjb/zzjg_663340/dozys_664276/xwlb_664278/202406/t20240606_11396930.html
10091,Tajikistan,TJK,Europe and Central Asia,0,6/14/19,6/16/19,2019,0,0,36,0,2,1,1,1,Dushanbe,"38.5762709, 68.7863573",http://www.xinhuanet.com/english/2019-06/15/c_138144437.htm|https://www.fmprc.gov.cn/mfa_eng/gjhdq_665435/2675_665437/3235_664362/3237_664366/201906/t20190618_561115.html|https://www.mfa.gov.cn/eng/wjb/zzjg_663340/dozys_664276/xwlb_664278/202406/t20240606_11396960.html|https://www.fmprc.gov.cn/eng/wjb/zzjg_663340/dozys_664276/xwlb_664278/202406/t20240606_11396930.html
10092,North Korea,PRK,East Asia and Pacific,1,6/20/19,6/21/19,2019,0,0,36,1,1,1,1,1,Pyongyang,"39.0167979, 125.7473609",https://www.aljazeera.com/news/2019/06/china-xi-jinping-official-trip-north-korea-190618005648302.html|https://www.nknews.org/2025/07/on-the-mend-where-china-north-korea-relations-are-going-after-a-difficult-year/|https://www.cnn.com/2019/06/20/asia/xi-kim-north-korea-china-intl-hnk/index.html|https://www.armscontrol.org/act/2019-07/news/chinese-president-visits-north-korea
10093,Japan,JPN,East Asia and Pacific,0,6/27/19,6/29/19,2019,1,G20,37,1,1,0,0,0,Osaka,"34.6937569, 135.5014539",https://www.fmprc.gov.cn/mfa_eng/topics_665678/2019zt/xjpcxesgjtfh/201906/t20190628_710378.html|https://thediplomat.com/2019/06/xi-jinpings-busy-g-20-summit/|https://www.fmprc.gov.cn/eng/zy/jj/2019zt/xjpcxesgjtfh/202406/t20240606_11379929.html|https://www.mfa.gov.cn/mfa_eng/zy/jj/2019zt/xjpcxesgjtfh/202406/t20240606_11379935.html|https://www.mfa.gov.cn/eng/zy/jj/2019zt/xjpcxesgjtfh/202406/t20240606_11379959.html
10094,India,IND,South Asia,1,10/11/19,10/12/19,2019,0,0,38,0,3,0,0,0,"Chennai; Mahabalipuram, Tamil Nadu","13.0836939, 80.270186; 12.6195981, 80.1936497",https://www.dw.com/en/chinas-xi-jinping-visits-india-with-ties-strained-by-kashmir/a-50777342|https://www.reuters.com/article/us-india-china/chinas-xi-lands-in-india-amid-scattered-tibetan-protests-idUSKBN1WP2U0|https://www.mea.gov.in/press-releases.htm?dtl/31919/Visit_of_President_of_China_to_India_October_1112_2019|https://in.china-embassy.gov.cn/eng/zywl/201910/t20191017_2148007.htm|https://chicago.china-consulate.gov.cn/eng/xw/201910/t20191014_4658417.htm|https://www.nytimes.com/2019/10/12/world/asia/xi-jinping-nepal-india.html|https://www.mfa.gov.cn/eng/wjb/wjbz/jh/202405/t20240527_11312172.html
10095,Nepal,NPL,South Asia,1,10/12/19,10/13/19,2019,0,0,38,1,1,1,1,1,Kathmandu,"27.708317, 85.3205817",https://mofa.gov.np/press-release-on-state-visit-of-the-president-of-peoples-republic-of-china-to-nepal/|https://www.nytimes.com/2019/10/12/world/asia/xi-jinping-nepal-india.html|http://en.cidca.gov.cn/2019-10/18/c_417100.htm|https://www.fmprc.gov.cn/mfa_eng/gjhdq_665435/2675_665437/2752_663508/2753_663510/202406/t20240607_11411413.html|https://hr.china-embassy.gov.cn/eng/gnxw/201910/t20191015_9792739.htm|https://www.mfa.gov.cn/eng/wjb/wjbz/jh/202405/t20240527_11312172.html
10096,Greece,GRC,Europe and Central Asia,0,11/10/19,11/12/19,2019,0,0,39,1,1,1,1,1,Athens,"37.9755648, 23.7348324",https://www.theguardian.com/world/2019/nov/12/xi-jinping-comes-to-greeks-bearings-gifts|https://chinaobservers.eu/xis-visit-to-greece-four-questions-waiting-to-be-answered/|https://mm.china-embassy.gov.cn/eng/zgxw/201911/t20191113_1397408.htm|https://losangeles.china-consulate.gov.cn/eng/topnews/201911/t20191119_4307782.htm|https://www.fmprc.gov.cn/mfa_eng/zy/jj/2019zt/xjpfwxlcxjz/202406/t20240606_11379455.html
10097,Brazil,BRA,Latin America and Caribbean,0,11/12/19,11/15/19,2019,1,BRICS,39,0,2,0,1,1,Brasilia,"-10.3333333, -53.2",https://www.fmprc.gov.cn/mfa_eng/topics_665678/2019zt/xjpfwxlcxjz/201911/t20191115_710349.html|http://www.chinacelacforum.org/eng/zyxw_1/201911/t20191119_6418544.htm|https://losangeles.china-consulate.gov.cn/eng/topnews/201911/t20191119_4307782.htm|https://www.fmprc.gov.cn/mfa_eng/zy/jj/2019zt/xjpfwxlcxjz/202406/t20240606_11379457.html|https://www.mfa.gov.cn/eng/wjb/zzjg_663340/ldmzs_664952/xwlb_664954/202406/t20240606_11403542.html
10098,Spain,ESP,Europe and Central Asia,0,11/15/19,11/16/19,2019,0,0,39,0,3,0,0,0,"Gu’a de Isora, Canary Islands; Teide National Park, Canary Islands","28.2101368, -16.7787271; 28.2687962, -16.6374029",http://www.chinacelacforum.org/eng/zyxw_1/201911/t20191119_6418544.htm|https://web.archive.org/web/20230808170143/https://thediplomatinspain.com/en/2019/11/the-president-of-china-makes-a-stop-in-tenerife-to-visit-the-teide/|https://losangeles.china-consulate.gov.cn/eng/topnews/201911/t20191119_4307782.htm|https://elpais.com/politica/2019/11/15/actualidad/1573805948_928129.html
10099,Myanmar,MMR,East Asia and Pacific,1,1/17/20,1/18/20,2020,0,0,40,1,1,1,1,1,Nay Pyi Taw,"19.7753289, 96.1032552",http://geneva.china-mission.gov.cn/eng/zgyw/202010/t20201019_8192610.htm|https://www.reuters.com/article/us-myanmar-china-kachin/as-chinas-xi-visits-myanmar-ethnic-groups-rue-disrespectful-investment-idUSKBN1ZG0P8|https://www.fmprc.gov.cn/eng/zy/jj/2020zt/xjpdmdgsfw/202406/t20240606_11378088.html|https://www.fmprc.gov.cn/eng/zy/jj/2020zt/xjpdmdgsfw/202406/t20240606_11378086.html|https://www.fmprc.gov.cn/eng/zy/jj/2020zt/xjpdmdgsfw/202406/t20240606_11378092.html|https://www.fmprc.gov.cn/eng/gjhdq_665435/2675_665437/2747_663498/2749_663502/202406/t20240607_11411376.html|https://geneva.china-mission.gov.cn/eng/zgyw/202010/t20201019_8192587.htm
10100,Kazakhstan,KAZ,Europe and Central Asia,1,9/14/22,9/14/22,2022,0,0,41,0,4,1,1,1,Astana,"51.1282205, 71.4306682",https://www.fmprc.gov.cn/eng/zxxx_662805/202209/t20220915_10766191.html|https://xuexi.voc.com.cn/news/202209/21753087.html|https://www.bbc.com/zhongwen/simp/chinese-news-62904715|https://www.mfa.gov.cn/web/zyxw/202209/t20220915_10766185.shtml
10101,Uzbekistan,UZB,Europe and Central Asia,0,9/14/22,9/16/22,2022,0,0,41,0,3,1,1,0,Samarkand,"39.6550017, 66.9756954",https://www.fmprc.gov.cn/eng/wjb_663304/wjbz_663308/2461_663310/202209/t20220917_10767432.html|https://www.fmprc.gov.cn/eng/wjb_663304/wjbz_663308/2461_663310/202209/t20220917_10767432.html|https://www.mfa.gov.cn/web/zyxw/202209/t20220915_10766217.shtml|https://eng.yidaiyilu.gov.cn/p/276770.html|https://www.mfa.gov.cn/web/zyxw/202209/t20220915_10766638.shtml|https://www.president.uz/en/lists/view/5497|https://www.mps.gov.cn:9080/n2255079/n6865805/n7355748/n8012154/c8695217/content.html|https://www.mfa.gov.cn/web/zyxw/202209/t20220915_10766185.shtml
10102,Indonesia,IDN,East Asia and Pacific,0,11/14/22,11/17/22,2022,0,0,42,0,4,0,1,0,"Nusa Dua, Benoa, Bali","-8.7873735, 115.2289438",https://www.fmprc.gov.cn/eng/wjdt_665385/wsrc_665395/202211/t20221111_10972693.html|https://www.fmprc.gov.cn/eng/gjhdq_665435/2675_665437/2787_663568/2789_663572/202211/t20221117_10977144.html|https://www.scmp.com/week-asia/politics/article/3199727/g20-xi-jinpings-meetings-australias-albanese-south-koreas-yoon-show-us-allies-hope-reboot-complex|https://www.mfa.gov.cn/eng/zy/jj/2022/cxesgjtytjhtg/202211/t20221114_10974686.html|https://us.china-embassy.gov.cn/eng/zgyw/202211/t20221117_10976707.htm|https://www.fmprc.gov.cn/eng./zy/jj/2022/cxesgjtytjhtg/202211/t20221114_10974456.html|https://www.fmprc.gov.cn/eng./zy/jj/2022/cxesgjtytjhtg/202211/t20221111_10972693.html
10103,Thailand,THA,East Asia and Pacific,0,11/17/22,11/19/22,2022,0,0,42,1,1,1,1,1,Bangkok,"13.7524938, 100.4935089",https://www.fmprc.gov.cn/eng/wjdt_665385/wsrc_665395/202211/t20221111_10972693.html|https://www.fmprc.gov.cn/eng./zxxx_662805/202211/t20221114_10974456.html|http://jeddah.china-consulate.gov.cn/eng/xgxw/202211/t20221120_10978332.htm|https://www.fmprc.gov.cn/eng/gjhdq_665435/2675_665437/2787_663568/2789_663572/202211/t20221117_10977144.html|http://english.www.gov.cn/news/topnews/202211/19/content_WS6378eef8c6d0a757729e3678.html|https://www.fmprc.gov.cn/eng./zy/jj/2022/cxesgjtytjhtg/202211/t20221111_10972693.html|https://www.fmprc.gov.cn/eng./zy/jj/2022/cxesgjtytjhtg/202211/t20221117_10977144.html|https://mfa.go.th/en/content/china-apec2022-2?cate=5d5bcb4e15e39c306000683e|https://www.fmprc.gov.cn/eng./zy/jj/2022/cxesgjtytjhtg/202211/t20221119_10978036.html
10104,Saudi Arabia,SAU,Middle East and North Africa,0,12/7/22,12/10/22,2022,0,0,43,0,2,1,1,1,Riyadh,"23.333333, 45.333333",https://www.reuters.com/world/chinas-xi-starts-epoch-making-saudi-visit-deepen-economic-strategic-ties-2022-12-07/|https://www.reuters.com/world/president-xi-jinping-attend-summits-riyadh-saudi-arabia-dec-7-10-2022-12-07/|https://www.atlanticcouncil.org/blogs/menasource/no-xis-visit-to-riyadh-wasnt-because-of-bad-us-saudi-relations-its-about-much-more/|https://www.mfa.gov.cn/mfa_eng/zy/jj/2022/xjpcxfh/202212/t20221209_10987704.html
10105,Russia,RUS,Europe and Central Asia,1,3/20/23,3/22/23,2023,0,0,44,0,9,1,1,1,Moscow,"55.625578, 37.6063916",https://www.nbcnews.com/news/world/xi-jinping-vladimir-putin-russia-china-talks-rcna75849|https://www.fmprc.gov.cn/eng/zy/jj/2022_144280/xjpdelsjxgsfw/202303/t20230317_11043619.html|https://www.fmprc.gov.cn/eng/zy/jj/2022_144280/xjpdelsjxgsfw/202303/t20230321_11045496.html|https://www.fmprc.gov.cn/eng/zy/jj/2022_144280/xjpdelsjxgsfw/202303/t20230320_11045315.html|https://www.fmprc.gov.cn/eng/zy/jj/2022_144280/xjpdelsjxgsfw/202303/t20230320_11045307.html|https://paper.people.com.cn/rmrb/html/2023-03/23/nw.D110000renmrb_20230323_1-01.htm|http://www.news.cn/politics/leaders/2023-03/22/c_1129455875.htm
10106,South Africa,ZAF,Sub-Saharan Africa,0,8/21/23,8/24/23,2023,1,BRICS,45,0,4,1,1,1,Pretoria; Johannesburg,"-25.7459277, 28.1879101; -26.205, 28.049722",https://news.cnr.cn/native/gd/sz/20230818/t20230818_526384576.shtml|https://losangeles.china-consulate.gov.cn/eng/topnews/202308/t20230824_11132422.htm|https://www.fmprc.gov.cn/eng/zy/jj/2022_144280/xjpcxBRICSbdnfjxgsfw/202309/t20230918_11144528.html|https://gb.china-embassy.gov.cn/eng/zgyw/202308/t20230824_11132423.htm|https://www.fmprc.gov.cn/eng/zy/jj/2022_144280/xjpcxBRICSbdnfjxgsfw/202309/t20230918_11144528.html|https://un.china-mission.gov.cn/eng/zgyw/202308/t20230823_11130538.htm
10107,United States,USA,North America,0,11/14/23,11/17/23,2023,1,APEC,46,0,5,0,1,0,"San Francisco, California","37.7879363, -122.4075201",https://www.fmprc.gov.cn/zyxw/202311/t20231110_11178322.shtml|https://bs.china-embassy.gov.cn/eng/zgxw/202311/t20231127_11187685.htm|https://newyork.china-consulate.gov.cn/eng/xw/202311/t20231115_11180908.htm|https://history.state.gov/departmenthistory/visits/china|https://www.fmprc.gov.cn/eng/zy/jj/2022_144280/xjpfmgjxzmyshwtscxapec/202311/t20231115_11180639.html|https://www.fmprc.gov.cn/eng/zy/jj/2022_144280/xjpfmgjxzmyshwtscxapec/202311/t20231115_11180650.html|https://www.fmprc.gov.cn/eng/zy/jj/2022_144280/xjpfmgjxzmyshwtscxapec/202311/t20231110_11178351.html|https://www.fmprc.gov.cn/eng/zy/jj/2022_144280/xjpfmgjxzmyshwtscxapec/202311/t20231116_11181442.html
10108,Vietnam,VNM,East Asia and Pacific,1,12/12/23,12/13/23,2023,0,0,47,0,3,1,1,1,Hanoi,"21.0283334, 105.854041",https://www.fmprc.gov.cn/zyxw/202312/t20231207_11196356.shtml|https://edition.cnn.com/2023/12/13/china/china-xi-jinping-vietnam-visit-intl-hnk/index.html|https://www.idcpc.gov.cn/ttxw_2992/202312/t20231213_163084.html|https://www.news.cn/politics/leaders/2023-12/12/c_1130021618.htm|http://www.news.cn/politics/leaders/2023-12/12/c_1130021618.htm|http://www.news.cn/politics/leaders/2023-12/13/c_1130024845.htm|https://www.idcpc.gov.cn/ttxw_2992/202312/t20231213_163084.html|https://www.fmprc.gov.cn/mfa_eng/zy/jj/2022_144280/xjpdynjxgsfw/202312/t20231212_11200744.html|https://www.cnn.com/2023/12/13/china/china-xi-jinping-vietnam-visit-intl-hnk
10109,France,FRA,Europe and Central Asia,0,5/5/24,5/7/24,2024,0,0,48,0,4,1,1,1,"Paris; Tarbes, Hautes-PyrŽnŽes","48.8588897, 2.320041; 43.232858, 0.0781021",https://english.news.cn/20240429/7969436a5491476c95cb209323a2954b/c.html|https://www.gov.cn/yaowen/liebiao/202405/content_6949196.htm|https://apnews.com/video/paris-china-government-france-government-france-7b401d5de63f42719df3563c2db50879|https://www.france24.com/en/europe/20240507-macron-seeks-to-gain-trade-concessions-from-china-s-xi-during-pyrenees-visit|https://www.theguardian.com/world/live/2024/may/07/europe-live-china-xi-jinping-begins-second-day-of-visit-updates
10110,Serbia,SRB,Europe and Central Asia,0,5/7/24,5/8/24,2024,0,0,48,0,2,1,1,1,Belgrade,"44.8153318, 20.4456588",https://english.news.cn/20240429/7969436a5491476c95cb209323a2954b/c.html|https://www.nytimes.com/2024/05/07/world/europe/xi-serbia-hungary-europe.html|https://www.news-journal.com/biztoday-serbia-china-ties-xi-visit/video_15f77116-3079-5480-bbc6-27ebe5cc52ba.html|https://alexandria.china-consulate.gov.cn/eng/zgyw/202405/t20240510_11302343.htm
10111,Hungary,HUN,Europe and Central Asia,0,5/8/24,5/10/24,2024,0,0,48,1,1,1,1,1,Budapest,"47.4813896, 19.1457723",https://english.news.cn/20240429/7969436a5491476c95cb209323a2954b/c.html|https://www.reuters.com/world/europe/chinas-xi-jinping-hungary-discuss-ukraine-infrastructure-2024-05-09/|https://cn.wsj.com/articles/%E4%B9%A0%E8%BF%91%E5%B9%B3%E5%8F%97%E5%88%B0%E6%AC%A7%E6%B4%B2%E5%B0%91%E6%9C%89%E7%9A%84%E4%BA%B2%E4%B8%AD%E5%9B%BD%E5%AE%B6%E5%A1%9E%E5%B0%94%E7%BB%B4%E4%BA%9A%E5%92%8C%E5%8C%88%E7%89%99%E5%88%A9%E7%9A%84%E7%83%AD%E7%83%88%E6%AC%A2%E8%BF%8E-0c00ad60|https://abcnews.go.com/International/wireStory/chinas-xi-leaves-hungary-concludes-5-day-visit-110111359|https://www.timesandstar.co.uk/news/national/24308980.hungary-china-sign-strategic-co-operation-agreement-xi-jinping-visit/
10112,Kazakhstan,KAZ,Europe and Central Asia,1,7/2/24,7/4/24,2024,1,SCO,49,0,5,1,1,1,Astana,"51.1282205, 71.4306682",https://www.fmprc.gov.cn/zyxw/202407/t20240702_11445965.shtml|https://www.ankasam.org/cinin-kazakistan-ve-tacikistanla-isbirligi-arayislari/?lang=en|https://apnews.com/article/russia-china-iran-shanghai-cooperation-organization-sco-7d0dcd21ad34b09cc149e30567198b06|https://www.fmprc.gov.cn/zyxw/202407/t20240703_11446617.shtml|https://www.fmprc.gov.cn/zyxw/202407/t20240705_11448493.shtml|https://www.trtworld.com/article/18180694
10113,Tajikistan,TJK,Europe and Central Asia,0,7/4/24,7/6/24,2024,0,0,49,0,3,1,1,1,Dushanbe,"38.5762709, 68.7863573",https://www.fmprc.gov.cn/zyxw/202407/t20240705_11448493.shtml|https://www.trtworld.com/asia/xi-reaffirms-chinas-support-for-tajikistan-during-rare-visit-18180694|https://english.www.gov.cn/news/202407/06/content_WS6688d841c6d0868f4e8e8f15.html|https://www.trtworld.com/article/18180694
10114,Russia,RUS,Europe and Central Asia,1,10/22/24,10/24/24,2024,1,BRICS,50,0,10,0,1,0,Kazan,"55.7946485, 49.1115022",https://www.fmprc.gov.cn/eng./zy/jj/xjpfelscx16thBRICS/202410/t20241018_11509811.html|https://www.fmprc.gov.cn/eng./zy/jj/xjpfelscx16thBRICS/202410/t20241023_11513329.html|https://www.fmprc.gov.cn/eng/zy/jj/2024zt/xjpfelscx16thBRICS2/202501/t20250114_11533714.html|https://www.mfa.gov.cn/eng/xw/zyxw/202410/t20241025_11516002.html|https://us.china-embassy.gov.cn/eng./zgyw/202412/t20241217_11495245.htm|https://www.reutersconnect.com/item/final-day-of-brics-summit-in-russias-city-of-kazan/dGFnOnJldXRlcnMuY29tLDIwMjQ6bmV3c21sX1JDMlZRQUFQMk81NA?previouslyViewed=dGFnOnJldXRlcnMuY29tLDIwMjQ6bmV3c21sX1JDMldRQUEwV05ZUg&position=2|https://us.china-embassy.gov.cn/eng./zgyw/202412/t20241217_11495245.htm
10115,Peru,PER,Latin America and Caribbean,0,11/14/24,11/17/24,2024,1,APEC,51,0,2,1,1,1,Lima,"-12.0459808, -77.0305912",https://www.reuters.com/world/chinas-xi-arrives-lima-apec-open-pacific-megaport-2024-11-14/|https://www.mfa.gov.cn/web/wjdt_674879/gjldrhd_674881/202411/t20241115_11526956.shtml|http://www.news.cn/politics/leaders/20241118/3fb8ff47d4b04f31970fed9d52330b5b/c.html|https://www.fmprc.gov.cn/mfa_eng/xw/zyxw/202411/t20241115_11527108.html|https://www.euronews.com/2024/11/17/biden-and-xi-hold-talks-in-peru-but-no-mention-of-north-korean-troops-in-russia|https://www.reuters.com/world/biden-xi-set-tense-final-meeting-peru-trump-era-looms-2024-11-16/
10116,Brazil,BRA,Latin America and Caribbean,0,11/17/24,11/21/24,2024,1,G20,51,0,3,1,1,1,Bras’lia; Rio de Janeiro,"-10.3333333, -53.2; -22.9110137, -43.2093727",http://www.news.cn/politics/leaders/20241118/3fb8ff47d4b04f31970fed9d52330b5b/c.html|https://english.www.gov.cn/news/202411/18/content_WS673a5a28c6d0868f4e8ed162.html|https://www.gov.cn/yaowen/liebiao/202411/content_6987733.htm|https://www.gov.br/planalto/en/latest-news/2024/11/brazil-and-china-expand-bilateral-relations-during-state-visit-by-president-xi-jinping|https://www.gov.cn/yaowen/liebiao/202411/content_6987733.htm|https://www.aljazeera.com/news/2024/11/20/lula-and-xi-sign-dozens-of-trade-deals-as-brazil-china-ties-deepen
10117,Morocco,MCO,Middle East and North Africa,0,11/21/24,11/22/24,2024,0,0,51,1,1,0,0,0,Casablanca,"33.5945144, -7.6200284",https://www.dw.com/en/xi-jinping-visits-morocco-meets-crown-prince/a-70854336|https://www.mfa.gov.cn/eng/xw/zyxw/202411/t20241125_11532378.html|https://un.china-mission.gov.cn/eng/zgyw/202412/t20241218_11496143.htm|https://www.fmprc.gov.cn/eng/gjhdq_665435/2913_665441/2858_663706/|https://www.aa.com.tr/en/americas/chinese-president-makes-short-visit-to-morocco/3401674|https://news.cgtn.com/news/2024-11-22/Xi-meets-with-Moroccan-crown-prince--1yJJuxGyJws/p.html
10118,Vietnam,VNM,East Asia and Pacific,1,4/14/25,4/15/25,2025,0,0,52,0,4,1,1,1,Hanoi,"21.0283334, 105.854041",https://www.zaobao.com.sg/realtime/china/story20250414-6166183|https://www.mfa.gov.cn/zyxw/202504/t20250415_11594887.shtml|https://www.mfa.gov.cn/web/wjdt_674879/gjldrhd_674881/202504/t20250414_11594364.shtml|https://cn.nytimes.com/china/20250415/china-vietnam-tariffs-trump/|https://www.reuters.com/world/asia-pacific/chinas-xi-meet-vietnam-leaders-kick-off-southeast-asia-tour-amid-us-tariffs-2025-04-14/|https://www.mfa.gov.cn/zyxw/202504/t20250415_11594887.shtml|https://apnews.com/article/china-malaysia-xi-jinping-southeast-asia-tour-559757744cd48ca28a5171fe5071f9cc
10119,Malaysia,MYS,East Asia and Pacific,0,4/15/25,4/17/25,2025,0,0,52,0,2,1,1,1,Kuala Lumpur,"3.1516964, 101.6942371",https://www.mfa.gov.cn/zyxw/202504/t20250415_11594993.shtml|https://apnews.com/article/china-malaysia-xi-jinping-southeast-asia-tour-559757744cd48ca28a5171fe5071f9cc|https://www.fmprc.gov.cn/zyxw/202504/t20250417_11595881.shtml
10120,Cambodia,KHM,East Asia and Pacific,0,4/17/25,4/18/25,2025,0,0,52,0,2,1,1,1,Phnom Penh,"11.5730391, 104.857807",https://english.news.cn/20250418/e2d6600887f94788a76b99bacb3c0017/c.html|https://www.ecns.cn/hd/2025-04-18/detail-iheqrhkv9485923.shtml|https://www.fmprc.gov.cn/zyxw/202504/t20250418_11596687.shtml|https://www.mfa.gov.cn/web/wjdt_674879/gjldrhd_674881/202504/t20250418_11596758.shtml
10121,Russia,RUS,Europe and Central Asia,1,5/7/25,5/10/25,2025,0,0,53,0,11,1,1,1,Moscow,"55.625578, 37.6063916",https://unn.ua/en/news/xi-jinping-arrived-in-moscow-putin-did-not-come-to-the-airport|https://www.chinadaily.com.cn/a/202505/07/WS681b7f23a310a04af22bdf84.html|https://www.mfa.gov.cn/zyxw/202505/t20250510_11618712.shtml|https://un.china-mission.gov.cn/eng/zgyw/202505/t20250510_11618448.htm|https://www.mfa.gov.cn/mfa_eng/xw/zyxw/202505/t20250509_11617673.html|https://edition.cnn.com/2025/05/08/china/xi-jinping-putin-china-russia-talks-moscow-intl-hnk|https://www.mfa.gov.cn/web/wjdt_674879/gjldrhd_674881/202505/t20250509_11618320.shtml|https://www.mfa.gov.cn/zyxw/202505/t20250510_11618712.shtml
10122,Kazakhstan,KAZ,Europe and Central Asia,1,6/16/25,6/18/25,2025,0,0,54,0,6,1,1,1,Astana,"51.1282205, 71.4306682",https://www.fmprc.gov.cn/eng./zy/jj/xjpcxdejzgzyfh/202506/t20250617_11649957.html|https://us.china-embassy.gov.cn/eng./zgyw/202506/t20250619_11653311.htm|https://www.fmprc.gov.cn/eng./zy/jj/xjpcxdejzgzyfh/202506/t20250617_11649957.html|https://english.www.gov.cn/news/202506/18/content_WS685222e5c6d0868f4e8f36f0.html|https://www.aljazeera.com/news/2025/6/16/chinas-xi-jinping-meets-central-asian-leaders-why-their-summit-matters|https://in.china-embassy.gov.cn/eng/zgxw/202506/t20250619_11653311.htm
10123,South Korea,KOR,East Asia and Pacific,0,10/30/25,11/1/25,2025,1,APEC,55,0,2,1,1,0,Busan; Gyeongju,"35.1799528, 129.0752365; 35.8556705, 129.2248811",https://www.reuters.com/world/china/chinas-xi-visit-south-korea-apec-summit-2025-10-24/|http://en.cppcc.gov.cn/2025-10/30/c_1136972.htm|https://www.fmprc.gov.cn/eng/zy/jj/xjpcx32apecbdhgjxgsfw/202511/t20251103_11745755.html|https://www.theguardian.com/world/2025/nov/01/xi-jinpings-moment-and-whirlwind-diplomatic-tours-key-takeaways-from-the-apec-summit-in-south-korea|https://en.yna.co.kr/view/AEN20251030012200315